corpus_id,entry_no,definition,present,present_1sg,imperfective,perfective,imperative,infinitive,entry_type,h_root,h_alt_tag,aspect_class,prefix_class,tense_present_class,set_a,plural,animate_objects,variant_present,variant_incompletive,variant_completive,variant_immediate,variant_infinitive
4,8,it’s bouncing,atateka,katateka,atateko'i,utatinvhsv'i,hatatuka,utatinvti,Eventful,atat,[H_alt=none],go-in,a_stem,a_present,True,False,False,1,1,1,1,1
5,9,he/she is limping,atateka,katateka,atateko'i,utatehsv'i,hatatuka,utatinvti,Eventful,atat,[H_alt=none],go-in,a_stem,a_present,True,False,False,1,1,2,1,1
6,10,he/she is bouncing it,atatinvtiha,katatinvtiha,atatinvtihsko'i,utatinvthanv'i,hatatinvta,utatinvtohti,Eventful,atatinvt,[H_alt=none],cause,a_stem,a_present,True,False,False,1,1,1,1,1
7,11,he/she is putting on a belt,atatlohiha,katatlohiha,atatlohiho'i,utatlolhv'i,hatatloka,utatlohsti,Eventful,atatlo,[H_alt=none],hih-lh,a_stem,a_present,True,False,False,1,1,1,1,1
10,14,he/she is praying,atatolihstiha,katatolihstiha,atatolihstihsko'i,utatolihsthanv'i,hatatolihsta,utatolihstohti,Eventful,atatolihst,[H_alt=none],cause,a_stem,a_present,True,False,False,1,1,1,1,1
10,14,he/she is praying,atatolihstiha,katatolihstiha,atatolihstihsko'i,utatolihsthanv'i,hatatolihsta,utatolihstohti,Eventful,atatolist,[H_alt=none],cause,a_stem,a_present,True,False,False,1,1,1,1,1
16,20,he/she is fanning himself/herself,atanhoyeha,katanoyeha,atanhoyehsko'i,utanhoyehv'i,hatanhoyvla,utanhoyehti,Eventful,atanhoy,[H_alt=drop],apl-active,a_stem,a_present,True,False,False,1,1,1,1,1
18,22,he/she is visiting,atawhahthvhitoha,katawahthvhitoha,atawhahthvhitoho'i,utawhahthvhitolv'i,hatawhahthvhita,utawhahthvhitahsti,Eventful,atawhahthvhit,[H_alt=drop],be-at,a_stem,a_present,True,False,False,1,1,1,1,1
19,23,he/she is stretching,atayhahstiha,katayahstiha,atayhahstihsko'i,utayhahsthanv'i,hatayhahsta,utayhahstohti,Eventful,atayhahst,[H_alt=drop],cause,a_stem,a_present,True,False,False,1,1,1,1,1
19,23,he/she is stretching,atayhahstiha,katayahstiha,atayhahstihsko'i,utayhahsthanv'i,hatayhahsta,utayhahstohti,Eventful,atayhast,[H_alt=drop],cause,a_stem,a_present,True,False,False,1,1,1,1,1
22,26,he/she is committing adultery,atayhoneha,katayoneha,atayhoneho'i,utayhonelv'i,hatayhonvla,utayhonehti,Eventful,atayhon,[H_alt=drop],apl,a_stem,a_present,True,False,False,1,1,1,4,1
25,29,it’s ripping,atatsakaliha,katatsakali'a,atatsakalihsko'i,utatsakalvhv'i,hatatsakala,utatsakalhti,Eventful,atatsakal,[H_alt=glot],ih-vh,a_stem,a_present,True,False,False,1,1,1,1,1
27,31,he/she is looking at himself/herself in a mirror,atakheha,katakheha,atakhehsko'i,utakhehv'i,hatakhvla,utakhehti,Eventful,atakh,[H_alt=none],apl-active,a_stem,a_present,True,False,False,1,1,1,1,1
29,33,it’s beginning,ataleniha,,atalenihsko'i,utalenvhv'i,,utalenhti,Eventful,atalen,[H_alt=none],ih-vh,a_stem,a_present,True,False,False,1,1,1,1,1
29,33,it’s beginning,ataleniha,,atalenihsko'i,utalenvhv'i,,utalenhti,Eventful,atalen,[H_alt=none],ih-vh,a_stem,a_present,True,False,True,1,1,1,1,1
29,33,it’s beginning,ataleniha,,atalenihsko'i,utalenvhv'i,,utalenhti,Eventful,talen,[H_alt=none],ih-vh,cons_stem,a_present,True,False,False,1,1,1,1,1
29,33,it’s beginning,ataleniha,,atalenihsko'i,utalenvhv'i,,utalenhti,Eventful,talen,[H_alt=none],ih-vh,cons_stem,a_present,True,False,True,1,1,1,1,1
30,34,he/she is shopping,atananehsvhvhska,katananehsvhvhska,atananehsvhvhsko'i,utananehsvnhv'i,hatananehsvhvka,utananehsvhvhsti,Eventful,atananehs,[H_alt=none],episodic,a_stem,a_present,True,False,False,1,1,1,1,2
30,34,he/she is shopping,atananehsvhvhska,katananehsvhvhska,atananehsvhvhsko'i,utananehsvnhv'i,hatananehsvhvka,utananehsvhvhsti,Eventful,atananehsv,[H_alt=none],hvsk-nh,a_stem,a_present,True,False,False,1,1,1,1,3
30,34,he/she is shopping,atananehsvhvhska,katananehsvhvhska,atananehsvhvhsko'i,utananehsvnhv'i,hatananehsvhvka,utananehsvhvhsti,Eventful,atananes,[H_alt=none],episodic,a_stem,a_present,True,False,False,1,1,1,1,2
30,34,he/she is shopping,atananehsvhvhska,katananehsvhvhska,atananehsvhvhsko'i,utananehsvnhv'i,hatananehsvhvka,utananehsvhvhsti,Eventful,atananesv,[H_alt=none],hvsk-nh,a_stem,a_present,True,False,False,1,1,1,1,3
32,36,he/she is taking off running,atanawhstiha,katanawhstiha,atanawhstihsko'i,utanawhsthanv'i,hatanawhsta,utanawhstohti,Eventful,atanawhst,[H_alt=drop],cause,a_stem,a_present,True,False,False,1,1,1,1,1
32,36,he/she is taking off running,atanawhstiha,katanawhstiha,atanawhstihsko'i,utanawhsthanv'i,hatanawhsta,utanawhstohti,Eventful,atanawst,[H_alt=none],cause,a_stem,a_present,True,False,False,1,1,1,1,1
33,37,he/she is changing,atanetliyv'a,katanetliyv'a,atanetliyvhsko'i,utanetliyvhsv'i,hatanetliyvna,utanetliyvhsti,Eventful,atanetliy,[H_alt=none],v-vhs,a_stem,a_present,True,False,False,1,1,1,1,1
34,38,he/she is taking turns with him/her,atanetliyvhstiha,katanetliyvhstiha,atanetliyvhstihsko'i,utanetliyvhsthanv'i,hatanetliyvhsta,utanetliyvhstohti,Eventful,atanetliyvhst,[H_alt=none],cause,a_stem,a_present,True,False,False,1,1,1,1,1
34,38,he/she is taking turns with him/her,atanetliyvhstiha,katanetliyvhstiha,atanetliyvhstihsko'i,utanetliyvhsthanv'i,hatanetliyvhsta,utanetliyvhstohti,Eventful,atanetliyvst,[H_alt=none],cause,a_stem,a_present,True,False,False,1,1,1,1,1
39,43,he/she is thinking,atanhtheha,katanvtheha,atanhthehsko'i,utanhthelhv'i,hatanhthvla,utanhthehti,Eventful,atanht,[H_alt=vowel_v],apl-active-h,a_stem,a_present,True,False,False,1,1,1,1,1
39,43,he/she is thinking,atanhtheha,katanvtheha,atanhthehsko'i,utanhthelhv'i,hatanhthvla,utanhthehti,Eventful,atanhth,[H_alt=vowel_v],apl-active-',a_stem,a_present,True,False,False,1,1,1,1,1
41,45,he/she is pondering,atanhthehilo'a,katanvthehilo'a,atanhthehilohsko'i,utanhthehilo'v'i,hatanhthehilotsa,utanhthehilohsti,Eventful,atanhthehil,[H_alt=vowel_v],o,a_stem,a_present,True,False,False,1,1,1,1,1
43,47,he/she is crawling,atanhsini,katanahsini,atanhsineko'i,utanhsinvhsv'i,hatanhsinuka,utanhsinvhsti,Eventful,atanhsin,[H_alt=vowel_a],go,a_stem,i_present,True,False,False,2,1,1,1,1
44,48,it’s twisting,atanutheyoha,katanutheyoha,atanutheyoho'i,utanutheyolv'i,hatanutheyaka,utanutheyoti,Eventful,atanuthey,[H_alt=none],oh-ol,a_stem,a_present,True,False,False,1,1,1,1,1
46,50,he/she is ordering it,atanvhska,katanvhska,atanvhsko'i,utanvhsv'i,hatanvla,utanvhsti,Eventful,atanv,[H_alt=none],sk-s-la,a_stem,a_present,True,False,False,1,1,1,1,1
48,52,he/she is cooking a meal,atahstayvhvhska,katahstayvhvhska,atahstayvhvhsko'i,utahstayvnhv'i,hatahstayvhvka,utahstayhti,Eventful,atahstay,[H_alt=none],episodic,a_stem,a_present,True,False,False,1,1,1,1,1
48,52,he/she is cooking a meal,atahstayvhvhska,katahstayvhvhska,atahstayvhvhsko'i,utahstayvnhv'i,hatahstayvhvka,utahstayhti,Eventful,atahstayv,[H_alt=none],hvsk-nh,a_stem,a_present,True,False,False,1,1,1,1,2
48,52,he/she is cooking a meal,atahstayvhvhska,katahstayvhvhska,atahstayvhvhsko'i,utahstayvnhv'i,hatahstayvhvka,utahstayhti,Eventful,atastay,[H_alt=none],episodic,a_stem,a_present,True,False,False,1,1,1,1,1
48,52,he/she is cooking a meal,atahstayvhvhska,katahstayvhvhska,atahstayvhvhsko'i,utahstayvnhv'i,hatahstayvhvka,utahstayhti,Eventful,atastayv,[H_alt=none],hvsk-nh,a_stem,a_present,True,False,False,1,1,1,1,2
51,55,it’s burning (refers to flames),atawelaki'a,katawelaki'a,atawelakihsko'i,utawelakv'i,hatawelaka,utawelakihsti,Eventful,atawelak,[H_alt=none],i-a-i,a_stem,a_present,True,False,False,1,1,1,1,1
54,58,he/she is resting,atawehsolvhstiha,katawehsolvhstiha,atawehsolvhstihsko'i,utawehsolvhsthanv'i,hatawehsolvhsta,utawehsolvhstohti,Eventful,atawehsolvhst,[H_alt=none],cause,a_stem,a_present,True,False,False,1,1,1,1,1
54,58,he/she is resting,atawehsolvhstiha,katawehsolvhstiha,atawehsolvhstihsko'i,utawehsolvhsthanv'i,hatawehsolvhsta,utawehsolvhstohti,Eventful,atawehsolvst,[H_alt=none],cause,a_stem,a_present,True,False,False,1,1,1,1,1
54,58,he/she is resting,atawehsolvhstiha,katawehsolvhstiha,atawehsolvhstihsko'i,utawehsolvhsthanv'i,hatawehsolvhsta,utawehsolvhstohti,Eventful,atawesolvhst,[H_alt=none],cause,a_stem,a_present,True,False,False,1,1,1,1,1
54,58,he/she is resting,atawehsolvhstiha,katawehsolvhstiha,atawehsolvhstihsko'i,utawehsolvhsthanv'i,hatawehsolvhsta,utawehsolvhstohti,Eventful,atawesolvst,[H_alt=none],cause,a_stem,a_present,True,False,False,1,1,1,1,1
56,60,he/she is bathing,atawo'a,katawo'a,atawohsko'i,utawo'v'i,hatawotsa,utawohsti,Eventful,ataw,[H_alt=none],o,a_stem,a_present,True,False,False,1,1,1,1,1
59,63,he/she is giving him/her it (refers to a long object),ateha,tsiteha,ateho'i,utelv'i,hitihsi,utehti,Eventful,t,[H_alt=none],apl,cons_stem,a_present,True,False,False,1,1,1,3,1
59,63,he/she is giving him/her it (refers to a long object),ateha,tsiteha,ateho'i,utelv'i,hitihsi,utehti,Eventful,t,[H_alt=none],apl,cons_stem,a_present,True,False,True,1,1,1,3,1
61,65,he/she is embarrassing him/her,atehohihstiha,tsiyate'ohihstiha,atehohihstihsko'i,utehohihsthanv'i,hiyate'ohihsta,utehohihstohti,Eventful,atehohihst,[H_alt=glot],cause,a_stem,a_present,True,False,True,1,1,1,1,1
61,65,he/she is embarrassing him/her,atehohihstiha,tsiyate'ohihstiha,atehohihstihsko'i,utehohihsthanv'i,hiyate'ohihsta,utehohihstohti,Eventful,atehohist,[H_alt=glot],cause,a_stem,a_present,True,False,True,1,1,1,1,1
62,66,he/she is embarrassed,atehohska,kate'ohska,atehohsko'i,utehohsv'i,hatehohi,utehohihsti,Eventful,ateho,[H_alt=glot],sk-s-hi-hihst,a_stem,a_present,True,False,False,1,1,1,1,1
63,67,he/she is being born,atehvhska,kate'vhska,atehvhsko'i,utenhv'i,hatehvka,utehti,Eventful,ate,[H_alt=glot],hvsk-nh,a_stem,a_present,True,False,False,1,1,1,1,1
67,71,he/she is finding it out,atelohohska,katelo'ohska,atelohohsko'i,utelohohsv'i,hatelohohi,utelohohihsti,Eventful,ateloho,[H_alt=glot],sk-s-hi-hihst,a_stem,a_present,True,False,False,1,1,1,1,1
70,74,he/she is going around a curve,ateyoha,kateyoha,ateyoho'i,uteyolv'i,hateyaka,uteyhsti,Eventful,atey,[H_alt=none],oh-ol,a_stem,a_present,True,False,False,1,1,1,1,2
72,76,he/she is laying it down (refers to a long object),ati'a,tsiti'a,atihsko'i,utv'i,hita,utihsti,Eventful,t,[H_alt=none],i-a-i,cons_stem,a_present,True,False,False,1,1,1,1,1
72,76,he/she is laying it down (refers to a long object),ati'a,tsiti'a,atihsko'i,utv'i,hita,utihsti,Eventful,t,[H_alt=none],i-a-i,cons_stem,a_present,True,False,True,1,1,1,1,1
73,77,he/she is rising (from a prone position),atitiha,katiti'a,atitihsko'i,utitvhv'i,hatita,utithti,Eventful,atit,[H_alt=glot],ih-vh,a_stem,a_present,True,False,False,1,1,1,1,1
74,78,he/she is scattering it,atikaleya'a,katikaleya'a,atikaleyahsko'i,utikaleyv'i,hatikaleya,utikaleyahsti,Eventful,atikaley,[H_alt=none],a,a_stem,a_present,True,False,False,1,1,1,1,1
75,79,it’s scattering,atikaleyoka,,atikaleyoko'i,utikaleyotsv'i,,utikaleyoyhsti,Eventful,atikaleyo,[H_alt=none],become,a_stem,a_present,True,False,False,1,1,1,1,3
75,79,it’s scattering,atikaleyoka,,atikaleyoko'i,utikaleyotsv'i,,utikaleyoyhsti,Eventful,atikaleyo,[H_alt=none],become,a_stem,a_present,True,False,True,1,1,1,1,3
75,79,it’s scattering,atikaleyoka,,atikaleyoko'i,utikaleyotsv'i,,utikaleyoyhsti,Eventful,tikaleyo,[H_alt=none],become,cons_stem,a_present,True,False,False,1,1,1,1,3
75,79,it’s scattering,atikaleyoka,,atikaleyoko'i,utikaleyotsv'i,,utikaleyoyhsti,Eventful,tikaleyo,[H_alt=none],become,cons_stem,a_present,True,False,True,1,1,1,1,3
76,80,he/she is spinning,atikwalvteyoha,katikwalvteyoha,atikwalvteyoho'i,utikwalvteyolv'i,hatikwalvteyaka,utikwalvteyhsti,Eventful,atikwalvtey,[H_alt=none],oh-ol,a_stem,a_present,True,False,False,1,1,1,1,2
77,81,he/she is saying it,atiha,kati'a,atihsko'i,utvnhv'i,hata,uthti,Eventful,at,[H_alt=glot],vnh-ih-a,a_stem,a_present,True,False,False,1,1,1,1,1
78,82,he/she is running over him/her,atinvtiha,tsiyatinvtiha,atinvtihsko'i,utinvthanv'i,hiyatinvta,utinvtohti,Eventful,atinvt,[H_alt=none],cause,a_stem,a_present,True,False,True,1,1,1,1,1
79,83,he/she is hiding,atihskalhvhska,katihskalhvhska,atihskalhvhsko'i,utihskalhanv'i,hatihskalhvka,utihskalhti,Eventful,atihskal,[H_alt=none],hvsk-han,a_stem,a_present,True,False,False,1,1,1,1,1
79,83,he/she is hiding,atihskalhvhska,katihskalhvhska,atihskalhvhsko'i,utihskalhanv'i,hatihskalhvka,utihskalhti,Eventful,atiskal,[H_alt=none],hvsk-han,a_stem,a_present,True,False,False,1,1,1,1,1
80,84,he/she is leaving it behind (refers to a long object),atihsiya'a,tsitihsiya'a,atihsiyahsko'i,utihsiyv'i,hitihsiya,utihsiyahsti,Eventful,tihsiy,[H_alt=none],a,cons_stem,a_present,True,False,False,1,1,1,1,1
80,84,he/she is leaving it behind (refers to a long object),atihsiya'a,tsitihsiya'a,atihsiyahsko'i,utihsiyv'i,hitihsiya,utihsiyahsti,Eventful,tihsiy,[H_alt=none],a,cons_stem,a_present,True,False,True,1,1,1,1,1
80,84,he/she is leaving it behind (refers to a long object),atihsiya'a,tsitihsiya'a,atihsiyahsko'i,utihsiyv'i,hitihsiya,utihsiyahsti,Eventful,tisiy,[H_alt=none],a,cons_stem,a_present,True,False,False,1,1,1,1,1
80,84,he/she is leaving it behind (refers to a long object),atihsiya'a,tsitihsiya'a,atihsiyahsko'i,utihsiyv'i,hitihsiya,utihsiyahsti,Eventful,tisiy,[H_alt=none],a,cons_stem,a_present,True,False,True,1,1,1,1,1
82,86,he/she is drinking it,atithahska,katithahska,atithahsko'i,utithahv'i,hatitha,utithahsti,Eventful,atitha,[H_alt=none],sk-h,a_stem,a_present,True,False,False,1,1,1,2,1
85,89,he/she is scratching,atlakohska,katlakohska,atlakohsko'i,utlakohsv'i,hatlakola,utlakohsti,Eventful,atlako,[H_alt=none],sk-s-la,a_stem,a_present,True,False,False,1,1,1,1,1
87,91,he/she is turning off the road,atle'a,katle'a,atlehsko'i,utlehsv'i,hatlaki,utlehsti,Eventful,atl,[H_alt=none],rev-e,a_stem,a_present,True,False,False,1,1,1,1,1
88,92,he/she is taking revenge against him/her,atletsheha,tsiyatletsheha,atletsheho'i,utletshelv'i,hiyatletshihsi,utletshehti,Eventful,atlethsh,[H_alt=none],apl,a_stem,a_present,True,False,True,1,1,1,3,1
88,92,he/she is taking revenge against him/her,atletsheha,tsiyatletsheha,atletsheho'i,utletshelv'i,hiyatletshihsi,utletshehti,Eventful,atletsh,[H_alt=none],apl,a_stem,a_present,True,False,True,1,1,1,3,1
94,98,it’s pouring into a container (refers to liquid),atlika,,atliko'i,utlitsv'i,,utliyhsti,Eventful,atli,[H_alt=none],become,a_stem,a_present,True,False,False,1,1,1,1,3
94,98,it’s pouring into a container (refers to liquid),atlika,,atliko'i,utlitsv'i,,utliyhsti,Eventful,atli,[H_alt=none],become,a_stem,a_present,True,False,True,1,1,1,1,3
94,98,it’s pouring into a container (refers to liquid),atlika,,atliko'i,utlitsv'i,,utliyhsti,Eventful,tli,[H_alt=none],become,cons_stem,a_present,True,False,False,1,1,1,1,3
94,98,it’s pouring into a container (refers to liquid),atlika,,atliko'i,utlitsv'i,,utliyhsti,Eventful,tli,[H_alt=none],become,cons_stem,a_present,True,False,True,1,1,1,1,3
95,99,he/she is drawing a liquid out of a container,atliha,tsitli'a,atlihsko'i,utlvhv'i,hitla,utlvhti,Eventful,tl,[H_alt=glot],ih-vh,cons_stem,a_present,True,False,False,1,1,1,1,2
95,99,he/she is drawing a liquid out of a container,atliha,tsitli'a,atlihsko'i,utlvhv'i,hitla,utlvhti,Eventful,tl,[H_alt=glot],ih-vh,cons_stem,a_present,True,False,True,1,1,1,1,2
96,100,he/she is pouring a liquid into a container,atlihstiha,tsitlihstiha,atlihstihsko'i,utlihsthanv'i,hitlihsta,utlihstohti,Eventful,tlihst,[H_alt=none],cause,cons_stem,a_present,True,False,False,1,1,1,1,1
96,100,he/she is pouring a liquid into a container,atlihstiha,tsitlihstiha,atlihstihsko'i,utlihsthanv'i,hitlihsta,utlihstohti,Eventful,tlihst,[H_alt=none],cause,cons_stem,a_present,True,False,True,1,1,1,1,1
96,100,he/she is pouring a liquid into a container,atlihstiha,tsitlihstiha,atlihstihsko'i,utlihsthanv'i,hitlihsta,utlihstohti,Eventful,tlist,[H_alt=none],cause,cons_stem,a_present,True,False,False,1,1,1,1,1
96,100,he/she is pouring a liquid into a container,atlihstiha,tsitlihstiha,atlihstihsko'i,utlihsthanv'i,hitlihsta,utlihstohti,Eventful,tlist,[H_alt=none],cause,cons_stem,a_present,True,False,True,1,1,1,1,1
98,102,he/she is crying,atloyhiha,katloyiha,atloyhiho'i,utloyhilv'i,hatloyhka,utloyhsti,Eventful,atloy,[H_alt=drop],hih-hil,a_stem,a_present,True,False,False,1,1,1,1,1
101,105,he/she is catching up with him/her,atlvthahska,tsiyatlvthahska,atlvthahsko'i,utlvthahv'i,hiyatlvtha,utlvthahsti,Eventful,atlvtha,[H_alt=none],sk-h,a_stem,a_present,True,False,True,1,1,1,2,1
107,111,he/she is acting silly,atvneliha,katvneliha,atvnelihsko'i,utvnelvnhv'i,hatvnela,utvnelhti,Eventful,atvnel,[H_alt=none],vnh-ih-a,a_stem,a_present,True,False,False,1,1,1,1,1
109,113,he/she is preparing it,atvnv'ihstiha,katvnv'ihstiha,atvnv'ihstihsko'i,utvnv'ihsthanv'i,hatvnv'ihsta,utvnv'ihstohti,Eventful,atvnv'ihst,[H_alt=none],cause,a_stem,a_present,True,False,False,1,1,1,1,1
109,113,he/she is preparing it,atvnv'ihstiha,katvnv'ihstiha,atvnv'ihstihsko'i,utvnv'ihsthanv'i,hatvnv'ihsta,utvnv'ihstohti,Eventful,atvnv'ist,[H_alt=none],cause,a_stem,a_present,True,False,False,1,1,1,1,1
112,116,it is shining (refers to sun or moon),akaliha,,akalihsko'i,ukalihsv'i,,ukalihihsti,Eventful,akal,[H_alt=none],ih-ihi,a_stem,a_present,True,False,False,1,1,1,1,1
112,116,it is shining (refers to sun or moon),akaliha,,akalihsko'i,ukalihsv'i,,ukalihihsti,Eventful,akal,[H_alt=none],ih-ihi,a_stem,a_present,True,False,True,1,1,1,1,1
112,116,it is shining (refers to sun or moon),akaliha,,akalihsko'i,ukalihsv'i,,ukalihihsti,Eventful,kal,[H_alt=none],ih-ihi,cons_stem,a_present,True,False,False,1,1,1,1,1
112,116,it is shining (refers to sun or moon),akaliha,,akalihsko'i,ukalihsv'i,,ukalihihsti,Eventful,kal,[H_alt=none],ih-ihi,cons_stem,a_present,True,False,True,1,1,1,1,1
115,119,he/she is licking it,akanati'a,tsikanati'a,akanatihsko'i,ukanatv'i,hikanata,ukanatihsti,Eventful,kanat,[H_alt=none],i-a-i,cons_stem,a_present,True,False,False,1,1,1,1,1
115,119,he/she is licking it,akanati'a,tsikanati'a,akanatihsko'i,ukanatv'i,hikanata,ukanatihsti,Eventful,kanat,[H_alt=none],i-a-i,cons_stem,a_present,True,False,True,1,1,1,1,1
117,121,he/she is warming it,akanawhtiha,tsikanawotiha,akanawhtihsko'i,ukanawhthanv'i,hikanawhta,ukanawhtohti,Eventful,kanawht,[H_alt=vowel_o],cause,cons_stem,a_present,True,False,False,1,1,1,1,1
117,121,he/she is warming it,akanawhtiha,tsikanawotiha,akanawhtihsko'i,ukanawhthanv'i,hikanawhta,ukanawhtohti,Eventful,kanawht,[H_alt=vowel_o],cause,cons_stem,a_present,True,False,True,1,1,1,1,1
118,122,it’s getting warm,akanawohska,,akanawohsko'i,ukanawohsv'i,,ukanawohihsti,Eventful,akanawo,[H_alt=none],sk-s-a,a_stem,a_present,True,False,False,1,1,1,1,1
118,122,it’s getting warm,akanawohska,,akanawohsko'i,ukanawohsv'i,,ukanawohihsti,Eventful,akanawo,[H_alt=none],sk-s-a,a_stem,a_present,True,False,True,1,1,1,1,1
118,122,it’s getting warm,akanawohska,,akanawohsko'i,ukanawohsv'i,,ukanawohihsti,Eventful,akanawo,[H_alt=none],sk-s-hi-hihst,a_stem,a_present,True,False,False,1,1,1,1,1
118,122,it’s getting warm,akanawohska,,akanawohsko'i,ukanawohsv'i,,ukanawohihsti,Eventful,akanawo,[H_alt=none],sk-s-hi-hihst,a_stem,a_present,True,False,True,1,1,1,1,1
118,122,it’s getting warm,akanawohska,,akanawohsko'i,ukanawohsv'i,,ukanawohihsti,Eventful,kanawo,[H_alt=none],sk-s-a,cons_stem,a_present,True,False,False,1,1,1,1,1
118,122,it’s getting warm,akanawohska,,akanawohsko'i,ukanawohsv'i,,ukanawohihsti,Eventful,kanawo,[H_alt=none],sk-s-a,cons_stem,a_present,True,False,True,1,1,1,1,1
118,122,it’s getting warm,akanawohska,,akanawohsko'i,ukanawohsv'i,,ukanawohihsti,Eventful,kanawo,[H_alt=none],sk-s-hi-hihst,cons_stem,a_present,True,False,False,1,1,1,1,1
118,122,it’s getting warm,akanawohska,,akanawohsko'i,ukanawohsv'i,,ukanawohihsti,Eventful,kanawo,[H_alt=none],sk-s-hi-hihst,cons_stem,a_present,True,False,True,1,1,1,1,1
127,132,he/she is eating it (refers to a single solid food),aki'a,tsiki'a,akihsko'i,ukv'i,hika,ukihsti,Eventful,k,[H_alt=none],i-a-i,cons_stem,a_present,True,False,False,1,1,1,1,1
127,132,he/she is eating it (refers to a single solid food),aki'a,tsiki'a,akihsko'i,ukv'i,hika,ukihsti,Eventful,k,[H_alt=none],i-a-i,cons_stem,a_present,True,False,True,1,1,1,1,1
128,133,he/she is picking it up,aki'a,tsiki'a,akihsko'i,ukihsv'i,hiki,ukihsti,Eventful,k,[H_alt=none],rev-i,cons_stem,a_present,True,False,False,1,1,1,1,1
128,133,he/she is picking it up,aki'a,tsiki'a,akihsko'i,ukihsv'i,hiki,ukihsti,Eventful,k,[H_alt=none],rev-i,cons_stem,a_present,True,False,True,1,1,1,1,1
130,135,he/she is in agony,akilhiyoka,tsikiliyoka,akilhiyoko'i,ukilhiyotsv'i,hikilhiyoki,ukilhiyohsti,Eventful,kilhiyo,[H_alt=drop],become,cons_stem,a_present,True,False,False,1,1,1,1,1
130,135,he/she is in agony,akilhiyoka,tsikiliyoka,akilhiyoko'i,ukilhiyotsv'i,hikilhiyoki,ukilhiyohsti,Eventful,kilhiyo,[H_alt=drop],become,cons_stem,a_present,True,False,True,1,1,1,1,1
133,138,he/she is chewing it,akihsto'a,tsikihsto'a,akihstohsko'i,ukihsto'v'i,hikihstotsa,ukihstohsti,Eventful,kihst,[H_alt=none],o,cons_stem,a_present,True,False,False,1,1,1,1,1
133,138,he/she is chewing it,akihsto'a,tsikihsto'a,akihstohsko'i,ukihsto'v'i,hikihstotsa,ukihstohsti,Eventful,kihst,[H_alt=none],o,cons_stem,a_present,True,False,True,1,1,1,1,1
133,138,he/she is chewing it,akihsto'a,tsikihsto'a,akihstohsko'i,ukihsto'v'i,hikihstotsa,ukihstohsti,Eventful,kist,[H_alt=none],o,cons_stem,a_present,True,False,False,1,1,1,1,1
133,138,he/she is chewing it,akihsto'a,tsikihsto'a,akihstohsko'i,ukihsto'v'i,hikihstotsa,ukihstohsti,Eventful,kist,[H_alt=none],o,cons_stem,a_present,True,False,True,1,1,1,1,1
135,140,he/she is burning him/her,akohvhstiha,tsiyakohvhstiha,akohvhstihsko'i,ukohvhsthanv'i,hiyakohvhsta,ukohvhstohti,Eventful,akohvhst,[H_alt=none],cause,a_stem,a_present,True,False,True,1,1,1,1,1
135,140,he/she is burning him/her,akohvhstiha,tsiyakohvhstiha,akohvhstihsko'i,ukohvhsthanv'i,hiyakohvhsta,ukohvhstohti,Eventful,akohvst,[H_alt=none],cause,a_stem,a_present,True,False,True,1,1,1,1,1
136,141,it’s burning,akohvhska,kakohvhska,akohvhsko'i,ukonhv'i,hakonha,ukohvhsti,Eventful,ak,[H_alt=none],terminative,a_stem,a_present,True,False,False,1,1,1,1,1
136,141,it’s burning,akohvhska,kakohvhska,akohvhsko'i,ukonhv'i,hakonha,ukohvhsti,Eventful,ako,[H_alt=none],terminative-no-o,a_stem,a_present,True,False,False,1,1,1,1,1
138,143,he/she is reading,akoliye'a,tsikoliye'a,akoliyehsko'i,ukoliye'v'i,hikoliya,ukoliyeti,Eventful,koliy,[H_alt=none],e-a,cons_stem,a_present,True,False,False,1,1,1,1,1
138,143,he/she is reading,akoliye'a,tsikoliye'a,akoliyehsko'i,ukoliye'v'i,hikoliya,ukoliyeti,Eventful,koliy,[H_alt=none],e-a,cons_stem,a_present,True,False,True,1,1,1,1,1
140,145,he/she is target practicing,akoniha,kakoniha,akonihsko'i,ukonvhv'i,hakona,ukonhti,Eventful,akon,[H_alt=none],ih-vh,a_stem,a_present,True,False,False,1,1,1,1,1
145,150,he/she is showing it to him/her,akowhthvhtiha,tsikowhthvhtiha,akowhthvhtihsko'i,ukowhthvhthanv'i,hikowhthvhta,ukowhthvhtohti,Eventful,kowhthvht,[H_alt=none],cause,cons_stem,a_present,True,False,False,1,1,1,1,1
145,150,he/she is showing it to him/her,akowhthvhtiha,tsikowhthvhtiha,akowhthvhtihsko'i,ukowhthvhthanv'i,hikowhthvhta,ukowhthvhtohti,Eventful,kowhthvht,[H_alt=none],cause,cons_stem,a_present,True,False,True,1,1,1,1,1
148,153,he/she is cutting it,akvhaliha,tsikv'aliha,akvhalihsko'i,ukvhalvhv'i,hikvhala,ukvhalhti,Eventful,kvhal,[H_alt=glot],ih-vh,cons_stem,a_present,True,False,False,1,1,1,1,1
148,153,he/she is cutting it,akvhaliha,tsikv'aliha,akvhalihsko'i,ukvhalvhv'i,hikvhala,ukvhalhti,Eventful,kvhal,[H_alt=glot],ih-vh,cons_stem,a_present,True,False,True,1,1,1,1,1
149,154,he/she is chopping it up,akvhaluyhska,tsikv'aluyhska,akvhaluyhsko'i,ukvhaluyhv'i,hikvhaluyha,ukvhaluyhsti,Eventful,kvhaluy,[H_alt=glot],sk-h,cons_stem,a_present,True,False,False,1,1,1,1,1
149,154,he/she is chopping it up,akvhaluyhska,tsikv'aluyhska,akvhaluyhsko'i,ukvhaluyhv'i,hikvhaluyha,ukvhaluyhsti,Eventful,kvhaluy,[H_alt=glot],sk-h,cons_stem,a_present,True,False,True,1,1,1,1,1
152,157,he/she is scolding him/her,akvhskolvhska,tsikvhskolvhska,akvhskolvhsko'i,ukvhskolvnv'i,hikvhskolv'vka,ukvhskolvti,Eventful,kvhskol,[H_alt=none],vsk,cons_stem,a_present,True,False,False,1,1,1,2,1
152,157,he/she is scolding him/her,akvhskolvhska,tsikvhskolvhska,akvhskolvhsko'i,ukvhskolvnv'i,hikvhskolv'vka,ukvhskolvti,Eventful,kvhskol,[H_alt=none],vsk,cons_stem,a_present,True,False,True,1,1,1,2,1
152,157,he/she is scolding him/her,akvhskolvhska,tsikvhskolvhska,akvhskolvhsko'i,ukvhskolvnv'i,hikvhskolv'vka,ukvhskolvti,Eventful,kvskol,[H_alt=none],vsk,cons_stem,a_present,True,False,False,1,1,1,2,1
152,157,he/she is scolding him/her,akvhskolvhska,tsikvhskolvhska,akvhskolvhsko'i,ukvhskolvnv'i,hikvhskolv'vka,ukvhskolvti,Eventful,kvskol,[H_alt=none],vsk,cons_stem,a_present,True,False,True,1,1,1,2,1
153,158,he/she is washing his face,akvhskwo'a,kakvhskwo'a,akvhskwohsko'i,ukvhskwo'v'i,hakvhskwotsa,ukvhskwohsti,Eventful,akvhskw,[H_alt=none],o,a_stem,a_present,True,False,False,1,1,1,1,1
153,158,he/she is washing his face,akvhskwo'a,kakvhskwo'a,akvhskwohsko'i,ukvhskwo'v'i,hakvhskwotsa,ukvhskwohsti,Eventful,akvskw,[H_alt=none],o,a_stem,a_present,True,False,False,1,1,1,1,1
155,161,he/she is diverting him/her,ahaluki'a,tsi'aluki'a,ahalukihsko'i,uhalukihsv'i,hi'aluki,uhalukihsti,Eventful,halu,[H_alt=glot],rev-gi,cons_stem,a_present,True,False,True,1,1,1,1,1
155,161,he/she is diverting him/her,ahaluki'a,tsi'aluki'a,ahalukihsko'i,uhalukihsv'i,hi'aluki,uhalukihsti,Eventful,haluk,[H_alt=glot],rev-i,cons_stem,a_present,True,False,True,1,1,1,1,1
158,164,he/she is smothering him/her,ahawohstiha,tsi'awohstiha,ahawohstihsko'i,uhawohsthanv'i,hi'awohsta,uhawohstohti,Eventful,hawohst,[H_alt=glot],cause,cons_stem,a_present,True,False,True,1,1,1,1,1
158,164,he/she is smothering him/her,ahawohstiha,tsi'awohstiha,ahawohstihsko'i,uhawohsthanv'i,hi'awohsta,uhawohstohti,Eventful,hawost,[H_alt=glot],cause,cons_stem,a_present,True,False,True,1,1,1,1,1
160,166,he/she is handling it,ahitoha,tsi'itoha,ahitoho'i,uhitolv'i,hihita,uhitahsti,Eventful,hit,[H_alt=glot],be-at,cons_stem,a_present,True,False,False,1,1,1,1,1
160,166,he/she is handling it,ahitoha,tsi'itoha,ahitoho'i,uhitolv'i,hihita,uhitahsti,Eventful,hit,[H_alt=glot],be-at,cons_stem,a_present,True,False,True,1,1,1,1,1
165,171,he/she is leaving it behind,ahiya'a,tsi'iya'a,ahiyahsko'i,uhiyv'i,hihiya,uhiyahsti,Eventful,hiy,[H_alt=glot],a,cons_stem,a_present,True,False,False,1,1,1,1,1
165,171,he/she is leaving it behind,ahiya'a,tsi'iya'a,ahiyahsko'i,uhiyv'i,hihiya,uhiyahsti,Eventful,hiy,[H_alt=glot],a,cons_stem,a_present,True,False,True,1,1,1,1,1
166,172,he/she is placing it on something,alhahvhska,tsilhahvhska,alhahvhsko'i,ulhanhv'i,hilhahvka,ulhohti,Eventful,lha,[H_alt=none],hvsk-nh,cons_stem,a_present,True,False,False,1,1,1,1,4
166,172,he/she is placing it on something,alhahvhska,tsilhahvhska,alhahvhsko'i,ulhanhv'i,hilhahvka,ulhohti,Eventful,lha,[H_alt=none],hvsk-nh,cons_stem,a_present,True,False,True,1,1,1,1,4
167,173,he/she is taking off flying,alhawitiha,katlawitiha,alhawitihsko'i,ulhawitvhv'i,halhawita,ulhawithti,Eventful,alhawit,[H_alt=lat],ih-vh,a_stem,a_present,True,False,False,1,1,1,1,1
169,175,he/she is making him/her fly,alhawithtiha,tsiyatlawithtiha,alhawithtihsko'i,ulhawithtanv'i,hiyatlawithta,ulhawithtohti,Eventful,alhawitht,[H_alt=lat],cause,a_stem,a_present,True,False,True,1,1,3,1,1
171,177,he/she is having a nightmare,alhiki'a,katliki'a,alhikihsko'i,ulhikihsv'i,halhiki,ulhikihsti,Eventful,alhi,[H_alt=lat],rev-gi,a_stem,a_present,True,False,False,1,1,1,1,1
171,177,he/she is having a nightmare,alhiki'a,katliki'a,alhikihsko'i,ulhikihsv'i,halhiki,ulhikihsti,Eventful,alhik,[H_alt=lat],rev-i,a_stem,a_present,True,False,False,1,1,1,1,1
172,178,it’s taking time,alhi'ilitoha,,alhi'ilitoho'i,ulhi'ilitolv'i,,ulhi'ilitahsti,Eventful,alhi'ilit,[H_alt=none],be-at,a_stem,a_present,True,False,False,1,1,1,1,1
172,178,it’s taking time,alhi'ilitoha,,alhi'ilitoho'i,ulhi'ilitolv'i,,ulhi'ilitahsti,Eventful,alhi'ilit,[H_alt=none],be-at,a_stem,a_present,True,False,True,1,1,1,1,1
172,178,it’s taking time,alhi'ilitoha,,alhi'ilitoho'i,ulhi'ilitolv'i,,ulhi'ilitahsti,Eventful,alhi'ilit,[H_alt=none],oh-ol,a_stem,a_present,True,False,False,1,1,1,1,3
172,178,it’s taking time,alhi'ilitoha,,alhi'ilitoho'i,ulhi'ilitolv'i,,ulhi'ilitahsti,Eventful,alhi'ilit,[H_alt=none],oh-ol,a_stem,a_present,True,False,True,1,1,1,1,3
172,178,it’s taking time,alhi'ilitoha,,alhi'ilitoho'i,ulhi'ilitolv'i,,ulhi'ilitahsti,Eventful,lhi'ilit,[H_alt=none],be-at,cons_stem,a_present,True,False,False,1,1,1,1,1
172,178,it’s taking time,alhi'ilitoha,,alhi'ilitoho'i,ulhi'ilitolv'i,,ulhi'ilitahsti,Eventful,lhi'ilit,[H_alt=none],be-at,cons_stem,a_present,True,False,True,1,1,1,1,1
172,178,it’s taking time,alhi'ilitoha,,alhi'ilitoho'i,ulhi'ilitolv'i,,ulhi'ilitahsti,Eventful,lhi'ilit,[H_alt=none],oh-ol,cons_stem,a_present,True,False,False,1,1,1,1,3
172,178,it’s taking time,alhi'ilitoha,,alhi'ilitoho'i,ulhi'ilitolv'i,,ulhi'ilitahsti,Eventful,lhi'ilit,[H_alt=none],oh-ol,cons_stem,a_present,True,False,True,1,1,1,1,3
173,179,he/she is measuring it,alhilo'a,katlilo'a,alhilohsko'i,ulhilo'v'i,halhilotsa,ulhilohsti,Eventful,alhil,[H_alt=lat],o,a_stem,a_present,True,False,False,1,1,1,1,1
175,181,it’s bending,alhiyvhkwitvhska,,alhiyvhkwitvhsko'i,ulhiyvhkwitvnv'i,,ulhiyvhkwitvti,Eventful,alhiyvhkwit,[H_alt=none],vsk,a_stem,a_present,True,False,False,1,1,1,1,1
175,181,it’s bending,alhiyvhkwitvhska,,alhiyvhkwitvhsko'i,ulhiyvhkwitvnv'i,,ulhiyvhkwitvti,Eventful,alhiyvhkwit,[H_alt=none],vsk,a_stem,a_present,True,False,True,1,1,1,1,1
175,181,it’s bending,alhiyvhkwitvhska,,alhiyvhkwitvhsko'i,ulhiyvhkwitvnv'i,,ulhiyvhkwitvti,Eventful,lhiyvhkwit,[H_alt=none],vsk,cons_stem,a_present,True,False,False,1,1,1,1,1
175,181,it’s bending,alhiyvhkwitvhska,,alhiyvhkwitvhsko'i,ulhiyvhkwitvnv'i,,ulhiyvhkwitvti,Eventful,lhiyvhkwit,[H_alt=none],vsk,cons_stem,a_present,True,False,True,1,1,1,1,1
176,182,he/she is snorting,alhiyvhsanawhstiha,kaliyvhsanawhstiha,alhiyvhsanawhstihsko'i,ulhiyvhsanawhsthanv'i,halhiyvhsanawhsta,ulhiyvhsanawhstohti,Eventful,alhiyvhsanawhst,[H_alt=drop],cause,a_stem,a_present,True,False,False,1,1,1,1,1
176,182,he/she is snorting,alhiyvhsanawhstiha,kaliyvhsanawhstiha,alhiyvhsanawhstihsko'i,ulhiyvhsanawhsthanv'i,halhiyvhsanawhsta,ulhiyvhsanawhstohti,Eventful,alhiyvhsanawst,[H_alt=drop],cause,a_stem,a_present,True,False,False,1,1,1,1,1
176,182,he/she is snorting,alhiyvhsanawhstiha,kaliyvhsanawhstiha,alhiyvhsanawhstihsko'i,ulhiyvhsanawhsthanv'i,halhiyvhsanawhsta,ulhiyvhsanawhstohti,Eventful,alhiyvsanawhst,[H_alt=drop],cause,a_stem,a_present,True,False,False,1,1,1,1,1
176,182,he/she is snorting,alhiyvhsanawhstiha,kaliyvhsanawhstiha,alhiyvhsanawhstihsko'i,ulhiyvhsanawhsthanv'i,halhiyvhsanawhsta,ulhiyvhsanawhstohti,Eventful,alhiyvsanawst,[H_alt=drop],cause,a_stem,a_present,True,False,False,1,1,1,1,1
177,183,he/she is preaching,alhtsatohvhska,kalitsatohvhska,alhtsatohvhsko'i,ulhtsatonhv'i,halhtsatohvka,ulhtsathti,Eventful,alhthsato,[H_alt=vowel_i],hvsk-nh,a_stem,a_present,True,False,False,1,1,1,1,2
177,183,he/she is preaching,alhtsatohvhska,kalitsatohvhska,alhtsatohvhsko'i,ulhtsatonhv'i,halhtsatohvka,ulhtsathti,Eventful,alhtsato,[H_alt=vowel_i],hvsk-nh,a_stem,a_present,True,False,False,1,1,1,1,2
179,185,it’s shattering,alhkhotvhska,,alhkhotvhsko'i,ulhkhotvnhv'i,,,Eventful,alhkhot,[H_alt=none],vnh-vsk,a_stem,a_present,True,False,False,1,1,1,1,1
179,185,it’s shattering,alhkhotvhska,,alhkhotvhsko'i,ulhkhotvnhv'i,,,Eventful,alhkhot,[H_alt=none],vnh-vsk,a_stem,a_present,True,False,True,1,1,1,1,1
179,185,it’s shattering,alhkhotvhska,,alhkhotvhsko'i,ulhkhotvnhv'i,,,Eventful,lhkhot,[H_alt=none],vnh-vsk,cons_stem,a_present,True,False,False,1,1,1,1,1
179,185,it’s shattering,alhkhotvhska,,alhkhotvhsko'i,ulhkhotvnhv'i,,,Eventful,lhkhot,[H_alt=none],vnh-vsk,cons_stem,a_present,True,False,True,1,1,1,1,1
180,186,he/she is shattering it,alhkhothtiha,kalikhothtiha,alhkhothtihsko'i,ulhkhoththanv'i,halhkhothta,ulhkhothtohti,Eventful,alhkhotht,[H_alt=vowel_i],cause,a_stem,a_present,True,False,False,1,1,1,1,1
182,188,he/she is beating him/her at a game,alhohska,tsilhohska,alhohsko'i,ulhohsv'i,hilhohi,ulhohihsti,Eventful,lho,[H_alt=none],sk-s-hi-hihst,cons_stem,a_present,True,False,False,1,1,1,1,1
182,188,he/she is beating him/her at a game,alhohska,tsilhohska,alhohsko'i,ulhohsv'i,hilhohi,ulhohihsti,Eventful,lho,[H_alt=none],sk-s-hi-hihst,cons_stem,a_present,True,False,True,1,1,1,1,1
183,189,he/she is combing his/her hair,alhthawo'a,kalithawo'a,alhthawohsko'i,ulhthawo'v'i,halhthawotsa,ulhthawohsti,Eventful,alhthaw,[H_alt=vowel_i],o,a_stem,a_present,True,False,False,1,1,1,1,1
185,191,he/she is moving (without changing location),alhthelvhvhska,kalithelvhvhska,alhthelvhvhsko'i,ulhthelvnhv'i,halhthelvhvka,ulhthelhti,Eventful,alhthel,[H_alt=vowel_i],episodic,a_stem,a_present,True,False,False,1,1,1,1,1
185,191,he/she is moving (without changing location),alhthelvhvhska,kalithelvhvhska,alhthelvhvhsko'i,ulhthelvnhv'i,halhthelvhvka,ulhthelhti,Eventful,alhthelv,[H_alt=vowel_i],hvsk-nh,a_stem,a_present,True,False,False,1,1,1,1,2
191,197,he/she is wrestling,anhehiha,kanhehiha,anhehiho'i,unhelhv'i,hanheka,unhehsti,Eventful,anhe,[H_alt=none],hih-lh,a_stem,a_present,True,False,False,1,1,1,1,1
192,198,he/she is interpreting it,anhelhtiha,kanelhtiha,anhelhtihsko'i,unhelhthanv'i,hanhelhta,unhelhtohti,Eventful,anhelht,[H_alt=drop],cause,a_stem,a_present,True,False,False,1,1,1,1,1
195,201,he/she is building a house,anhehskeha,kanehskeha,anhehskehsko'i,unhehskehv'i,hanhehskvla,unhehskehti,Eventful,anhehsk,[H_alt=drop],apl-active,a_stem,a_present,True,False,False,1,1,1,1,1
195,201,he/she is building a house,anhehskeha,kanehskeha,anhehskehsko'i,unhehskehv'i,hanhehskvla,unhehskehti,Eventful,anhesk,[H_alt=drop],apl-active,a_stem,a_present,True,False,False,1,1,1,1,1
196,202,he/she is leaving,anhiki'a,kaniki'a,anhikihsko'i,unhikihsv'i,hanhiki,unhikihsti,Eventful,anhi,[H_alt=drop],rev-gi,a_stem,a_present,True,False,False,1,1,1,1,1
196,202,he/she is leaving,anhiki'a,kaniki'a,anhikihsko'i,unhikihsv'i,hanhiki,unhikihsti,Eventful,anhik,[H_alt=drop],rev-i,a_stem,a_present,True,False,False,1,1,1,1,1
197,203,he/she is starting it,anhikihstiha,kanikihstiha,anhikihstihsko'i,unhikihsthanv'i,hanhikihsta,unhikihstohti,Eventful,anhikihst,[H_alt=drop],cause,a_stem,a_present,True,False,False,1,1,1,1,1
197,203,he/she is starting it,anhikihstiha,kanikihstiha,anhikihstihsko'i,unhikihsthanv'i,hanhikihsta,unhikihstohti,Eventful,anhikist,[H_alt=drop],cause,a_stem,a_present,True,False,False,1,1,1,1,1
198,204,he/she is carrying it on his/her shoulder (refers to a long object),anholhineka,kanolhineka,anholhineko'i,unholhinvhsv'i,hanholhinuka,unholhinvhsti,Eventful,anholhin,[H_alt=drop],go,a_stem,a_present,True,False,False,1,1,1,1,1
200,206,he/she is putting it in liquid (refers to a long object),ahuti'a,tsi'uti'a,ahutihsko'i,uhutv'i,hihuta,uhutihsti,Eventful,hut,[H_alt=glot],i-a-i,cons_stem,a_present,True,False,False,1,1,1,1,1
200,206,he/she is putting it in liquid (refers to a long object),ahuti'a,tsi'uti'a,ahutihsko'i,uhutv'i,hihuta,uhutihsti,Eventful,hut,[H_alt=glot],i-a-i,cons_stem,a_present,True,False,True,1,1,1,1,1
204,210,he/she is hitting him/her on the mouth,ahulvniha,tsi'ulvniha,ahulvniho'i,uhulvnilv'i,hi'ulvnika,uhulvnihsti,Eventful,hulvn,[H_alt=glot],ih-il,cons_stem,a_present,True,False,True,1,1,1,1,1
205,211,he/she is moving it from one place to another,ahv'a,tsi'v'a,ahvhsko'i,uhvhsv'i,hihvna,uhvhsti,Eventful,h,[H_alt=glot],v-vhs,cons_stem,a_present,True,False,False,1,1,1,1,1
205,211,he/she is moving it from one place to another,ahv'a,tsi'v'a,ahvhsko'i,uhvhsv'i,hihvna,uhvhsti,Eventful,h,[H_alt=glot],v-vhs,cons_stem,a_present,True,False,True,1,1,1,1,1
207,213,he/she is finding him/her,awhahthiha,tsiwahthiha,awhahthihsko'i,uwhahthvhv'i,hiwahtha,uwhahthvhti,Eventful,whahth,[H_alt=drop],ih-vh,cons_stem,a_present,True,False,True,1,1,1,1,2
208,214,he/she is visiting him/her,awhahthvhitoha,tsiwahthvhitoha,awhahthvhitoho'i,uwhahthvhitolv'i,hiwahthvhita,uwhahthvhitahsti,Eventful,whahthvhit,[H_alt=drop],be-at,cons_stem,a_present,True,False,True,1,1,1,1,1
210,216,he/she is planting it,awhihska,tsiwihska,awhihsko'i,uwhihsv'i,hiwhi,uwhihsti,Eventful,whi,[H_alt=drop],sk-s-hst,cons_stem,a_present,True,False,False,1,1,1,1,1
210,216,he/she is planting it,awhihska,tsiwihska,awhihsko'i,uwhihsv'i,hiwhi,uwhihsti,Eventful,whi,[H_alt=drop],sk-s-hst,cons_stem,a_present,True,False,True,1,1,1,1,1
215,221,he/she is calling him/her,ayhaniha,tsiyaniha,ayhanihsko'i,uyhanvhv'i,hiyana,uyhanhti,Eventful,yhan,[H_alt=drop],ih-vh,cons_stem,a_present,True,False,True,1,1,1,1,1
216,222,he/she is taking it somewhere by hand,ayheka,tsiyeka,ayheko'i,uyhvhsv'i,hiyhuka,uyhvhsti,Eventful,yh,[H_alt=drop],go,cons_stem,a_present,True,False,False,1,1,1,1,1
216,222,he/she is taking it somewhere by hand,ayheka,tsiyeka,ayheko'i,uyhvhsv'i,hiyhuka,uyhvhsti,Eventful,yh,[H_alt=drop],go,cons_stem,a_present,True,False,True,1,1,1,1,1
217,223,he/she is holding it in his/her hand,ayheha,tsiyeha,ayheho'i,ayhehv'i,,,StativeFutProg,yh,[H_alt=drop],stative-eh,cons_stem,a_present,True,False,False,1,1,1,1,1
217,223,he/she is holding it in his/her hand,ayheha,tsiyeha,ayheho'i,ayhehv'i,,,StativeFutProg,yh,[H_alt=drop],stative-eh,cons_stem,a_present,True,False,True,1,1,1,1,1
217,223,he/she is holding it in his/her hand,ayheha,tsiyeha,ayheho'i,ayhehv'i,,,StativeFutProg,yhe,[H_alt=drop],stative-h,cons_stem,a_present,True,False,False,1,1,1,1,1
217,223,he/she is holding it in his/her hand,ayheha,tsiyeha,ayheho'i,ayhehv'i,,,StativeFutProg,yhe,[H_alt=drop],stative-h,cons_stem,a_present,True,False,True,1,1,1,1,1
217,223,he/she is holding it in his/her hand,ayheha,tsiyeha,ayheho'i,ayhehv'i,,,StativeFutProg,yheh,[H_alt=drop],stative,cons_stem,a_present,True,False,False,1,1,1,1,1
217,223,he/she is holding it in his/her hand,ayheha,tsiyeha,ayheho'i,ayhehv'i,,,StativeFutProg,yheh,[H_alt=drop],stative,cons_stem,a_present,True,False,True,1,1,1,1,1
218,224,he/she is quilting it,ayhehkalhvhska,tsiyehkalhvhska,ayhehkalhvhsko'i,uyhehkalhanv'i,hiyhehkalhvka,uyhehkalhti,Eventful,yhehkal,[H_alt=drop],hvsk-han,cons_stem,a_present,True,False,False,1,1,1,1,1
218,224,he/she is quilting it,ayhehkalhvhska,tsiyehkalhvhska,ayhehkalhvhsko'i,uyhehkalhanv'i,hiyhehkalhvka,uyhehkalhti,Eventful,yhehkal,[H_alt=drop],hvsk-han,cons_stem,a_present,True,False,True,1,1,1,1,1
219,225,he/she is making an incision,ayhelhoha,tsiyelhoha,ayhelhoho'i,uyhelhalv'i,hiyelaka,uyhelhsti,Eventful,yhel,[H_alt=drop],oh-al,cons_stem,a_present,True,False,True,1,1,1,2,1
220,226,he/she is imitating him/her,ayheli'a,tsiyeli'a,ayhelihsko'i,uyhelihsv'i,hiyela,uyhelihsti,Eventful,yhel,[H_alt=drop],i-a-i,cons_stem,a_present,True,False,True,1,1,2,1,1
222,228,he/she is looking for him/her,ayhoha,tsiyoha,ayhoho'i,uyhalv'i,hiyhka,uyhsti,Eventful,y,[H_alt=drop],oh-al,cons_stem,a_present,True,False,False,1,1,1,1,1
222,228,he/she is looking for him/her,ayhoha,tsiyoha,ayhoho'i,uyhalv'i,hiyhka,uyhsti,Eventful,y,[H_alt=drop],oh-al,cons_stem,a_present,True,False,True,1,1,1,1,1
223,229,he/she is swimming (refers to propelling oneself through the water),ayhu'ineka,kayu'ineka,ayhu'ineko'i,uyhu'invhsv'i,hayhu'inuka,uyhu'invhsti,Eventful,ayhu'in,[H_alt=drop],go,a_stem,a_present,True,False,False,1,1,1,1,1
224,230,it’s thundering,ayhvtakwalo'a,,ayhvtakwalohsko'i,uyhvtakwalo'v'i,,uyhvtakwalohsti,Eventful,ayhvtakwal,[H_alt=none],o,a_stem,a_present,True,False,False,1,1,1,1,1
224,230,it’s thundering,ayhvtakwalo'a,,ayhvtakwalohsko'i,uyhvtakwalo'v'i,,uyhvtakwalohsti,Eventful,ayhvtakwal,[H_alt=none],o,a_stem,a_present,True,False,True,1,1,1,1,1
224,230,it’s thundering,ayhvtakwalo'a,,ayhvtakwalohsko'i,uyhvtakwalo'v'i,,uyhvtakwalohsti,Eventful,yhvtakwal,[H_alt=none],o,cons_stem,a_present,True,False,False,1,1,1,1,1
224,230,it’s thundering,ayhvtakwalo'a,,ayhvtakwalohsko'i,uyhvtakwalo'v'i,,uyhvtakwalohsti,Eventful,yhvtakwal,[H_alt=none],o,cons_stem,a_present,True,False,True,1,1,1,1,1
228,234,he/she is bending it,ayhvhkwitvhska,tsiyvhkwitvhska,ayhvhkwitvhsko'i,uyhvhkwitvnv'i,hiyhvhkwitv'vka,uyhvhkwitvti,Eventful,yhvhkwit,[H_alt=drop],vsk,cons_stem,a_present,True,False,False,1,1,1,2,1
228,234,he/she is bending it,ayhvhkwitvhska,tsiyvhkwitvhska,ayhvhkwitvhsko'i,uyhvhkwitvnv'i,hiyhvhkwitv'vka,uyhvhkwitvti,Eventful,yhvhkwit,[H_alt=drop],vsk,cons_stem,a_present,True,False,True,1,1,1,2,1
232,238,he/she is capturing him/her,ayhvkhiti'a,tsiyvkhiti'a,ayhvkhitihsko'i,uyhvkhitv'i,hiyvkhita,uyhvkhitihsti,Eventful,yhvkhit,[H_alt=drop],i-a-i,cons_stem,a_present,True,False,True,1,1,1,1,1
233,239,he/she is hitting him/her on the nose,ayhvhsteluhvhska,tsiyvhsteluhvhska,ayhvhsteluhvhsko'i,uyhvhstelunhv'i,hiyvhsteluhvka,uyhvhsteluhti,Eventful,yhvhstelu,[H_alt=drop],hvsk-nh,cons_stem,a_present,True,False,True,1,1,1,1,1
233,239,he/she is hitting him/her on the nose,ayhvhsteluhvhska,tsiyvhsteluhvhska,ayhvhsteluhvhsko'i,uyhvhstelunhv'i,hiyvhsteluhvka,uyhvhsteluhti,Eventful,yhvstelu,[H_alt=drop],hvsk-nh,cons_stem,a_present,True,False,True,1,1,1,1,1
234,240,he/she is choking him/her,ayhvhskiyiha,tsiyvhskiyiha,ayhvhskiyihsko'i,uyhvhskiyvhv'i,hiyvhskiya,uyhvhskiyhti,Eventful,yhvhskiy,[H_alt=drop],ih-vh,cons_stem,a_present,True,False,True,1,1,1,1,1
234,240,he/she is choking him/her,ayhvhskiyiha,tsiyvhskiyiha,ayhvhskiyihsko'i,uyhvhskiyvhv'i,hiyvhskiya,uyhvhskiyhti,Eventful,yhvskiy,[H_alt=drop],ih-vh,cons_stem,a_present,True,False,True,1,1,1,1,1
238,244,it’s hatching,atsa'i'a,katsa'i'a,atsa'ihsko'i,utsa'ihsv'i,hatsa'i,utsa'ihsti,Eventful,athsa,[H_alt=none],rev-'i,a_stem,a_present,True,False,False,1,1,1,1,1
238,244,it’s hatching,atsa'i'a,katsa'i'a,atsa'ihsko'i,utsa'ihsv'i,hatsa'i,utsa'ihsti,Eventful,athsa',[H_alt=none],rev-i,a_stem,a_present,True,False,False,1,1,1,1,1
238,244,it’s hatching,atsa'i'a,katsa'i'a,atsa'ihsko'i,utsa'ihsv'i,hatsa'i,utsa'ihsti,Eventful,atsa,[H_alt=none],rev-'i,a_stem,a_present,True,False,False,1,1,1,1,1
238,244,it’s hatching,atsa'i'a,katsa'i'a,atsa'ihsko'i,utsa'ihsv'i,hatsa'i,utsa'ihsti,Eventful,atsa',[H_alt=none],rev-i,a_stem,a_present,True,False,False,1,1,1,1,1
239,245,he/she is dressing up,atsanvhska,katsanvhska,atsanvhsko'i,utsanvnhv'i,hatsanvna,utsanvhti,Eventful,athsan,[H_alt=none],vnh-vsk,a_stem,a_present,True,False,False,1,1,1,1,2
239,245,he/she is dressing up,atsanvhska,katsanvhska,atsanvhsko'i,utsanvnhv'i,hatsanvna,utsanvhti,Eventful,atsan,[H_alt=none],vnh-vsk,a_stem,a_present,True,False,False,1,1,1,1,2
242,248,he/she is acting like him/her,atselvhska,katselvhska,atselvhsko'i,utselvnhv'i,hatselvna,utselhti,Eventful,athsel,[H_alt=none],vnh-vsk,a_stem,a_present,True,False,False,1,1,1,1,1
242,248,he/she is acting like him/her,atselvhska,katselvhska,atselvhsko'i,utselvnhv'i,hatselvna,utselhti,Eventful,atsel,[H_alt=none],vnh-vsk,a_stem,a_present,True,False,False,1,1,1,1,1
250,256,it’s blooming,atsilvhska,,atsilvhsko'i,utsilvnhv'i,,utsilhti,Eventful,athsil,[H_alt=none],vnh-vsk,a_stem,a_present,True,False,False,1,1,1,1,1
250,256,it’s blooming,atsilvhska,,atsilvhsko'i,utsilvnhv'i,,utsilhti,Eventful,athsil,[H_alt=none],vnh-vsk,a_stem,a_present,True,False,True,1,1,1,1,1
250,256,it’s blooming,atsilvhska,,atsilvhsko'i,utsilvnhv'i,,utsilhti,Eventful,atsil,[H_alt=none],vnh-vsk,a_stem,a_present,True,False,False,1,1,1,1,1
250,256,it’s blooming,atsilvhska,,atsilvhsko'i,utsilvnhv'i,,utsilhti,Eventful,atsil,[H_alt=none],vnh-vsk,a_stem,a_present,True,False,True,1,1,1,1,1
250,256,it’s blooming,atsilvhska,,atsilvhsko'i,utsilvnhv'i,,utsilhti,Eventful,thsil,[H_alt=none],vnh-vsk,cons_stem,a_present,True,False,False,1,1,1,1,1
250,256,it’s blooming,atsilvhska,,atsilvhsko'i,utsilvnhv'i,,utsilhti,Eventful,thsil,[H_alt=none],vnh-vsk,cons_stem,a_present,True,False,True,1,1,1,1,1
250,256,it’s blooming,atsilvhska,,atsilvhsko'i,utsilvnhv'i,,utsilhti,Eventful,tsil,[H_alt=none],vnh-vsk,cons_stem,a_present,True,False,False,1,1,1,1,1
250,256,it’s blooming,atsilvhska,,atsilvhsko'i,utsilvnhv'i,,utsilhti,Eventful,tsil,[H_alt=none],vnh-vsk,cons_stem,a_present,True,False,True,1,1,1,1,1
253,259,he/she is lighting a fire,atsihslhvhska,tsitsihslhvhska,atsihslhvhsko'i,utsihslhanv'i,hitsihslhvka,utsihslhvhsti,Eventful,thsihsl,[H_alt=none],hvsk-han,cons_stem,a_present,True,False,False,1,1,1,1,2
253,259,he/she is lighting a fire,atsihslhvhska,tsitsihslhvhska,atsihslhvhsko'i,utsihslhanv'i,hitsihslhvka,utsihslhvhsti,Eventful,thsihsl,[H_alt=none],hvsk-han,cons_stem,a_present,True,False,True,1,1,1,1,2
253,259,he/she is lighting a fire,atsihslhvhska,tsitsihslhvhska,atsihslhvhsko'i,utsihslhanv'i,hitsihslhvka,utsihslhvhsti,Eventful,thsisl,[H_alt=none],hvsk-han,cons_stem,a_present,True,False,False,1,1,1,1,2
253,259,he/she is lighting a fire,atsihslhvhska,tsitsihslhvhska,atsihslhvhsko'i,utsihslhanv'i,hitsihslhvka,utsihslhvhsti,Eventful,thsisl,[H_alt=none],hvsk-han,cons_stem,a_present,True,False,True,1,1,1,1,2
253,259,he/she is lighting a fire,atsihslhvhska,tsitsihslhvhska,atsihslhvhsko'i,utsihslhanv'i,hitsihslhvka,utsihslhvhsti,Eventful,tsihsl,[H_alt=none],hvsk-han,cons_stem,a_present,True,False,False,1,1,1,1,2
253,259,he/she is lighting a fire,atsihslhvhska,tsitsihslhvhska,atsihslhvhsko'i,utsihslhanv'i,hitsihslhvka,utsihslhvhsti,Eventful,tsihsl,[H_alt=none],hvsk-han,cons_stem,a_present,True,False,True,1,1,1,1,2
253,259,he/she is lighting a fire,atsihslhvhska,tsitsihslhvhska,atsihslhvhsko'i,utsihslhanv'i,hitsihslhvka,utsihslhvhsti,Eventful,tsisl,[H_alt=none],hvsk-han,cons_stem,a_present,True,False,False,1,1,1,1,2
253,259,he/she is lighting a fire,atsihslhvhska,tsitsihslhvhska,atsihslhvhsko'i,utsihslhanv'i,hitsihslhvka,utsihslhvhsti,Eventful,tsisl,[H_alt=none],hvsk-han,cons_stem,a_present,True,False,True,1,1,1,1,2
254,260,he/she is blowing,atsothahska,katsothahska,atsothahsko'i,utsothahv'i,hatsotha,utsothahsti,Eventful,athsotha,[H_alt=none],sk-h,a_stem,a_present,True,False,False,1,1,1,2,1
254,260,he/she is blowing,atsothahska,katsothahska,atsothahsko'i,utsothahv'i,hatsotha,utsothahsti,Eventful,atsotha,[H_alt=none],sk-h,a_stem,a_present,True,False,False,1,1,1,2,1
255,261,he/she is turning on a light,atsvhsthvhska,tsitsvhsthvhska,atsvhsthvhsko'i,utsvhsthanv'i,hitsvhsthvka,utsvhsthvhsti,Eventful,thsvhst,[H_alt=none],hvsk-han,cons_stem,a_present,True,False,False,1,1,1,1,2
255,261,he/she is turning on a light,atsvhsthvhska,tsitsvhsthvhska,atsvhsthvhsko'i,utsvhsthanv'i,hitsvhsthvka,utsvhsthvhsti,Eventful,thsvhst,[H_alt=none],hvsk-han,cons_stem,a_present,True,False,True,1,1,1,1,2
255,261,he/she is turning on a light,atsvhsthvhska,tsitsvhsthvhska,atsvhsthvhsko'i,utsvhsthanv'i,hitsvhsthvka,utsvhsthvhsti,Eventful,thsvst,[H_alt=none],hvsk-han,cons_stem,a_present,True,False,False,1,1,1,1,2
255,261,he/she is turning on a light,atsvhsthvhska,tsitsvhsthvhska,atsvhsthvhsko'i,utsvhsthanv'i,hitsvhsthvka,utsvhsthvhsti,Eventful,thsvst,[H_alt=none],hvsk-han,cons_stem,a_present,True,False,True,1,1,1,1,2
255,261,he/she is turning on a light,atsvhsthvhska,tsitsvhsthvhska,atsvhsthvhsko'i,utsvhsthanv'i,hitsvhsthvka,utsvhsthvhsti,Eventful,tsvhst,[H_alt=none],hvsk-han,cons_stem,a_present,True,False,False,1,1,1,1,2
255,261,he/she is turning on a light,atsvhsthvhska,tsitsvhsthvhska,atsvhsthvhsko'i,utsvhsthanv'i,hitsvhsthvka,utsvhsthvhsti,Eventful,tsvhst,[H_alt=none],hvsk-han,cons_stem,a_present,True,False,True,1,1,1,1,2
255,261,he/she is turning on a light,atsvhsthvhska,tsitsvhsthvhska,atsvhsthvhsko'i,utsvhsthanv'i,hitsvhsthvka,utsvhsthvhsti,Eventful,tsvst,[H_alt=none],hvsk-han,cons_stem,a_present,True,False,False,1,1,1,1,2
255,261,he/she is turning on a light,atsvhsthvhska,tsitsvhsthvhska,atsvhsthvhsko'i,utsvhsthanv'i,hitsvhsthvka,utsvhsthvhsti,Eventful,tsvst,[H_alt=none],hvsk-han,cons_stem,a_present,True,False,True,1,1,1,1,2
259,266,he/she is chasing him/her,akheheka,tsikheheka,akheheko'i,ukhehvhsv'i,hikhehuka,ukhehvhsti,Eventful,kheh,[H_alt=none],go,cons_stem,a_present,True,False,False,1,1,1,1,1
259,266,he/she is chasing him/her,akheheka,tsikheheka,akheheko'i,ukhehvhsv'i,hikhehuka,ukhehvhsti,Eventful,kheh,[H_alt=none],go,cons_stem,a_present,True,False,True,1,1,1,1,1
261,268,he/she is riding it (refers to anything that can be straddled),akhilvtiha,tsiyakhilvtiha,akhilvtihsko'i,ukhilvthanv'i,hiyakhilvta,ukhilvtohti,Eventful,akhilvt,[H_alt=none],cause,a_stem,a_present,True,False,True,1,1,1,1,1
266,273,he/she is shovelling it,akhote'a,tsikhote'a,akhotehsko'i,ukhotehsv'i,hikhotaki,ukhotehsti,Eventful,khot,[H_alt=none],rev-e,cons_stem,a_present,True,False,False,1,1,1,1,1
266,273,he/she is shovelling it,akhote'a,tsikhote'a,akhotehsko'i,ukhotehsv'i,hikhotaki,ukhotehsti,Eventful,khot,[H_alt=none],rev-e,cons_stem,a_present,True,False,True,1,1,1,1,1
270,277,he/she is going down-hill,akhsohska,tsikahsohska,akhsohsko'i,ukhsohsv'i,hikhsohi,ukhsohihsti,Eventful,khso,[H_alt=vowel_a],sk-s-hi-hihst,cons_stem,a_present,True,False,False,1,1,1,1,1
270,277,he/she is going down-hill,akhsohska,tsikahsohska,akhsohsko'i,ukhsohsv'i,hikhsohi,ukhsohihsti,Eventful,khso,[H_alt=vowel_a],sk-s-hi-hihst,cons_stem,a_present,True,False,True,1,1,1,1,1
273,280,he/she knows how,akhthaha,tsikathaha,akhthaho'i,,,,StativeFutProg,khtha,[H_alt=vowel_a],stative-h,cons_stem,a_present,True,False,False,1,1,1,1,1
273,280,he/she knows how,akhthaha,tsikathaha,akhthaho'i,,,,StativeFutProg,khtha,[H_alt=vowel_a],stative-h,cons_stem,a_present,True,False,True,1,1,1,1,1
273,280,he/she knows how,akhthaha,tsikathaha,akhthaho'i,,,,StativeFutProg,khthah,[H_alt=vowel_a],stative,cons_stem,a_present,True,False,False,1,1,1,1,1
273,280,he/she knows how,akhthaha,tsikathaha,akhthaho'i,,,,StativeFutProg,khthah,[H_alt=vowel_a],stative,cons_stem,a_present,True,False,True,1,1,1,1,1
276,283,he/she is turning back,akhthahv'a,kakathahv'a,akhthahvhsko'i,ukhthahvhsv'i,hakhthahvna,ukhthahvhsti,Eventful,akhthah,[H_alt=vowel_a],v-vhs,a_stem,a_present,True,False,False,1,1,1,1,1
277,284,he/she is winking,akhthahstiha,kakathahstiha,akhthahstihsko'i,ukhthahsthanv'i,hakhthahsta,ukhthahstohti,Eventful,akhthahst,[H_alt=vowel_a],cause,a_stem,a_present,True,False,False,1,1,1,1,1
277,284,he/she is winking,akhthahstiha,kakathahstiha,akhthahstihsko'i,ukhthahsthanv'i,hakhthahsta,ukhthahstohti,Eventful,akhthast,[H_alt=vowel_a],cause,a_stem,a_present,True,False,False,1,1,1,1,1
278,285,he/she is hitting him/her on the eye,akhtheluhvhska,tsikatheluhvhska,akhtheluhvhsko'i,ukhthelunhv'i,hikatheluhvka,ukhtheluhti,Eventful,khthelu,[H_alt=vowel_a],hvsk-nh,cons_stem,a_present,True,False,True,1,1,1,1,1
280,287,he/she is looking around,akhthenoha,tsikathenoha,akhthenoho'i,ukhthenolv'i,hikhthenaka,ukhthenahsti,Eventful,khthen,[H_alt=vowel_a],oh-ol,cons_stem,a_present,True,False,False,1,1,1,1,3
280,287,he/she is looking around,akhthenoha,tsikathenoha,akhthenoho'i,ukhthenolv'i,hikhthenaka,ukhthenahsti,Eventful,khthen,[H_alt=vowel_a],oh-ol,cons_stem,a_present,True,False,True,1,1,1,1,3
281,288,he/she is peeking through,akhthiha,kakathiha,akhthihsko'i,ukhthanhv'i,hakhtha,ukhthohti,Eventful,akhth,[H_alt=vowel_a],cause,a_stem,a_present,True,False,False,1,1,2,1,1
288,295,he/she is looking at him/her,akhthohsti,tsiyakathohsti,akhthohstihsko'i,ukhthohsthanv'i,hiyakathohsta,ukhthohstohti,Eventful,akhthohst,[H_alt=vowel_a],cause,a_stem,i_present,True,False,True,2,1,1,1,1
288,295,he/she is looking at him/her,akhthohsti,tsiyakathohsti,akhthohstihsko'i,ukhthohsthanv'i,hiyakathohsta,ukhthohstohti,Eventful,akhthost,[H_alt=vowel_a],cause,a_stem,i_present,True,False,True,2,1,1,1,1
290,297,he/she is going through it,akhthvlehska,tsikathvlehska,akhthvlehsko'i,ukhthvlehsv'i,hikhthvlehi,ukhthvlehihsti,Eventful,khthvle,[H_alt=vowel_a],sk-s-hi-hihst,cons_stem,a_present,True,False,False,1,1,1,1,1
290,297,he/she is going through it,akhthvlehska,tsikathvlehska,akhthvlehsko'i,ukhthvlehsv'i,hikhthvlehi,ukhthvlehihsti,Eventful,khthvle,[H_alt=vowel_a],sk-s-hi-hihst,cons_stem,a_present,True,False,True,1,1,1,1,1
293,300,he/she is paying it,akwhiyiha,kakwiyiha,akwhiyihsko'i,ukwhiyvhv'i,hakwhiya,ukwhiyhti,Eventful,akwhiy,[H_alt=drop],ih-vh,a_stem,a_present,True,False,False,1,1,1,1,1
294,301,he/she is paying him/her,akwhiyv'eha,tsiyakwiyv'eha,akwhiyv'eho'i,ukwhiyv'elv'i,hiyakwiyvhsi,ukwhiyv'ehti,Eventful,akwhiyv',[H_alt=drop],apl,a_stem,a_present,True,False,True,1,1,1,1,1
296,303,he/she is tromping on him/her,alahsta'eha,tsiyalahsta'eha,alahsta'ehsko'i,ulahsta'elhv'i,hiyalahsta'vla,ulahsta'ehti,Eventful,alahsta',[H_alt=none],apl-active-',a_stem,a_present,True,False,True,1,1,1,1,1
296,303,he/she is tromping on him/her,alahsta'eha,tsiyalahsta'eha,alahsta'ehsko'i,ulahsta'elhv'i,hiyalahsta'vla,ulahsta'ehti,Eventful,alasta',[H_alt=none],apl-active-',a_stem,a_present,True,False,True,1,1,1,1,1
297,304,he/she is stepping on him/her,alahstvhska,tsiyalahstvhska,alahstvhsko'i,ulahstvnv'i,hiyalahstv'vka,ulahstvti,Eventful,alahst,[H_alt=none],vsk,a_stem,a_present,True,False,True,1,1,1,2,1
297,304,he/she is stepping on him/her,alahstvhska,tsiyalahstvhska,alahstvhsko'i,ulahstvnv'i,hiyalahstv'vka,ulahstvti,Eventful,alast,[H_alt=none],vsk,a_stem,a_present,True,False,True,1,1,1,2,1
298,305,he/she is playing ball,alahskaliha,kalahskaliha,alahskalihsko'i,ulahskalvhv'i,halahskala,ulahskalhti,Eventful,alahskal,[H_alt=none],ih-vh,a_stem,a_present,True,False,False,1,1,1,1,1
298,305,he/she is playing ball,alahskaliha,kalahskaliha,alahskalihsko'i,ulahskalvhv'i,halahskala,ulahskalhti,Eventful,alaskal,[H_alt=none],ih-vh,a_stem,a_present,True,False,False,1,1,1,1,1
300,307,he/she is taking a step,alahskv'a,kalahskv'a,alahskvhsko'i,ulahskvhsv'i,halahskvna,ulahskvhsti,Eventful,alahsk,[H_alt=none],v-vhs,a_stem,a_present,True,False,False,1,1,1,1,1
300,307,he/she is taking a step,alahskv'a,kalahskv'a,alahskvhsko'i,ulahskvhsv'i,halahskvna,ulahskvhsti,Eventful,alask,[H_alt=none],v-vhs,a_stem,a_present,True,False,False,1,1,1,1,1
306,313,he/she is standing in a certain spot,alehvhska,kale'vhska,alehvhsko'i,ulenhv'i,halehvka,ulehti,Eventful,ale,[H_alt=glot],hvsk-nh,a_stem,a_present,True,False,False,1,1,1,1,1
307,314,he/she is stopping,alewhihstiha,kalewihstiha,alewhihstihsko'i,ulewhihsthanv'i,halewhihsta,ulewhihstohti,Eventful,alewhihst,[H_alt=drop],cause,a_stem,a_present,True,False,False,1,1,1,1,1
307,314,he/she is stopping,alewhihstiha,kalewihstiha,alewhihstihsko'i,ulewhihsthanv'i,halewhihsta,ulewhihstohti,Eventful,alewhist,[H_alt=drop],cause,a_stem,a_present,True,False,False,1,1,1,1,1
308,315,he/she is stopping him/her,alewhihstohtiha,tsiyalewihstohtiha,alewhihstohtihsko'i,ulewhihstohthanv'i,hiyalewihstohta,ulewhihstohtohti,Eventful,alewhihstoht,[H_alt=drop],cause,a_stem,a_present,True,False,True,1,1,1,1,1
308,315,he/she is stopping him/her,alewhihstohtiha,tsiyalewihstohtiha,alewhihstohtihsko'i,ulewhihstohthanv'i,hiyalewihstohta,ulewhihstohtohti,Eventful,alewhistoht,[H_alt=drop],cause,a_stem,a_present,True,False,True,1,1,1,1,1
309,316,he/she is starting,aleniha,kaleni'a,alenihsko'i,ulenvhv'i,halena,ulenhti,Eventful,alen,[H_alt=glot],ih-vh,a_stem,a_present,True,False,False,1,1,1,1,1
314,321,he/she is thanking him/her,alihelitsheha,tsiyali'elitsheha,alihelitsheho'i,ulihelitshelv'i,hiyali'elitshihsi,ulihelitshehti,Eventful,alihelithsh,[H_alt=glot],apl,a_stem,a_present,True,False,True,1,1,1,3,1
314,321,he/she is thanking him/her,alihelitsheha,tsiyali'elitsheha,alihelitsheho'i,ulihelitshelv'i,hiyali'elitshihsi,ulihelitshehti,Eventful,alihelitsh,[H_alt=glot],apl,a_stem,a_present,True,False,True,1,1,1,3,1
315,322,he/she is happy,alihelika,kali'elika,aliheliko'i,ulihelitsv'i,haliheliki,ulihelihsti,Eventful,aliheli,[H_alt=glot],become,a_stem,a_present,True,False,False,1,1,1,1,1
317,324,he/she is exchanging it,ali'iti'a,kali'iti'a,ali'itihsko'i,uli'itv'i,hali'ita,uli'itihsti,Eventful,ali'it,[H_alt=none],i-a-i,a_stem,a_present,True,False,False,1,1,1,1,1
318,325,he/she is running away,alithi'a,kalithi'a,alithihsko'i,ulithihsv'i,halithi,ulithihsti,Eventful,alith,[H_alt=none],rev-i,a_stem,a_present,True,False,False,1,1,1,1,1
320,327,he/she is taking his/her ring off,aliyehsuhsthki'a,kaliyehsuhsthki'a,aliyehsuhsthkihsko'i,uliyehsuhsthkihsv'i,haliyehsuhsthki,uliyehsuhsthkihsti,Eventful,aliyehsuhsth,[H_alt=none],rev-gi,a_stem,a_present,True,False,False,1,1,1,1,1
320,327,he/she is taking his/her ring off,aliyehsuhsthki'a,kaliyehsuhsthki'a,aliyehsuhsthkihsko'i,uliyehsuhsthkihsv'i,haliyehsuhsthki,uliyehsuhsthkihsti,Eventful,aliyehsuhsthk,[H_alt=none],rev-i,a_stem,a_present,True,False,False,1,1,1,1,1
320,327,he/she is taking his/her ring off,aliyehsuhsthki'a,kaliyehsuhsthki'a,aliyehsuhsthkihsko'i,uliyehsuhsthkihsv'i,haliyehsuhsthki,uliyehsuhsthkihsti,Eventful,aliyehsusth,[H_alt=none],rev-gi,a_stem,a_present,True,False,False,1,1,1,1,1
320,327,he/she is taking his/her ring off,aliyehsuhsthki'a,kaliyehsuhsthki'a,aliyehsuhsthkihsko'i,uliyehsuhsthkihsv'i,haliyehsuhsthki,uliyehsuhsthkihsti,Eventful,aliyehsusthk,[H_alt=none],rev-i,a_stem,a_present,True,False,False,1,1,1,1,1
320,327,he/she is taking his/her ring off,aliyehsuhsthki'a,kaliyehsuhsthki'a,aliyehsuhsthkihsko'i,uliyehsuhsthkihsv'i,haliyehsuhsthki,uliyehsuhsthkihsti,Eventful,aliyesuhsth,[H_alt=none],rev-gi,a_stem,a_present,True,False,False,1,1,1,1,1
320,327,he/she is taking his/her ring off,aliyehsuhsthki'a,kaliyehsuhsthki'a,aliyehsuhsthkihsko'i,uliyehsuhsthkihsv'i,haliyehsuhsthki,uliyehsuhsthkihsti,Eventful,aliyesuhsthk,[H_alt=none],rev-i,a_stem,a_present,True,False,False,1,1,1,1,1
320,327,he/she is taking his/her ring off,aliyehsuhsthki'a,kaliyehsuhsthki'a,aliyehsuhsthkihsko'i,uliyehsuhsthkihsv'i,haliyehsuhsthki,uliyehsuhsthkihsti,Eventful,aliyesusth,[H_alt=none],rev-gi,a_stem,a_present,True,False,False,1,1,1,1,1
320,327,he/she is taking his/her ring off,aliyehsuhsthki'a,kaliyehsuhsthki'a,aliyehsuhsthkihsko'i,uliyehsuhsthkihsv'i,haliyehsuhsthki,uliyehsuhsthkihsti,Eventful,aliyesusthk,[H_alt=none],rev-i,a_stem,a_present,True,False,False,1,1,1,1,1
322,329,he/she is putting a ring on his/her finger,aliyehsuhsthvhska,kaliyehsuhsthvhska,aliyehsuhsthvhsko'i,uliyehsuhsthanv'i,haliyehsuhsthvka,uliyehsuhsthvhsti,Eventful,aliyehsuhst,[H_alt=none],hvsk-han,a_stem,a_present,True,False,False,1,1,1,1,2
322,329,he/she is putting a ring on his/her finger,aliyehsuhsthvhska,kaliyehsuhsthvhska,aliyehsuhsthvhsko'i,uliyehsuhsthanv'i,haliyehsuhsthvka,uliyehsuhsthvhsti,Eventful,aliyehsust,[H_alt=none],hvsk-han,a_stem,a_present,True,False,False,1,1,1,1,2
322,329,he/she is putting a ring on his/her finger,aliyehsuhsthvhska,kaliyehsuhsthvhska,aliyehsuhsthvhsko'i,uliyehsuhsthanv'i,haliyehsuhsthvka,uliyehsuhsthvhsti,Eventful,aliyesuhst,[H_alt=none],hvsk-han,a_stem,a_present,True,False,False,1,1,1,1,2
322,329,he/she is putting a ring on his/her finger,aliyehsuhsthvhska,kaliyehsuhsthvhska,aliyehsuhsthvhsko'i,uliyehsuhsthanv'i,haliyehsuhsthvka,uliyehsuhsthvhsti,Eventful,aliyesust,[H_alt=none],hvsk-han,a_stem,a_present,True,False,False,1,1,1,1,2
324,331,he/she is spitting,altsikwhska,kaltsikwhska,altsikwhsko'i,ultsikwhv'i,haltsikwha,ultsikwhsti,Eventful,althsikw,[H_alt=none],sk-h,a_stem,a_present,True,False,False,1,1,1,1,1
324,331,he/she is spitting,altsikwhska,kaltsikwhska,altsikwhsko'i,ultsikwhv'i,haltsikwha,ultsikwhsti,Eventful,altsikw,[H_alt=drop],sk-h,a_stem,a_present,True,False,False,1,1,1,1,1
325,332,he/she is ascending,alhsalati'a,kalihsalati'a,alhsalatihsko'i,ulhsalatanv'i,halhsalatvka,ulhsalatoti,Eventful,alhsalat,[H_alt=vowel_i],i-vka,a_stem,a_present,True,False,False,1,1,1,1,1
327,334,he/she is eating a meal,alhstayvhvhska,kalihstayvhvhska,alhstayvhvhsko'i,ulhstayvnhv'i,halhstayvhvka,ulhstayhti,Eventful,alhstay,[H_alt=vowel_i],episodic,a_stem,a_present,True,False,False,1,1,1,1,1
327,334,he/she is eating a meal,alhstayvhvhska,kalihstayvhvhska,alhstayvhvhsko'i,ulhstayvnhv'i,halhstayvhvka,ulhstayhti,Eventful,alhstayv,[H_alt=vowel_i],hvsk-nh,a_stem,a_present,True,False,False,1,1,1,1,2
329,336,he/she is helping,alhsteliha,kalihsteliha,alhstelihsko'i,ulhstelvhv'i,halhstela,ulhstelhti,Eventful,alhstel,[H_alt=vowel_i],ih-vh,a_stem,a_present,True,False,False,1,1,1,1,1
330,337,he/she is taking off his/her cap,alhstule'a,kalihstule'a,alhstulehsko'i,ulhstulehsv'i,halhstulaki,ulhstulehsti,Eventful,alhstul,[H_alt=vowel_i],rev-e,a_stem,a_present,True,False,False,1,1,1,1,1
331,338,he/she is washing his/her hair,alhstuleha,kalihstuleha,alhstulehsko'i,ulhstulehv'i,halhstula,ulhstulhti,Eventful,alhstul,[H_alt=vowel_i],apl-active-a,a_stem,a_present,True,False,False,1,1,1,1,1
332,339,he/she is putting on a cap,alhstuli'a,kalihstuli'a,alhstulihsko'i,ulhstulanv'i,halhstulvka,ulhstuloti,Eventful,alhstul,[H_alt=vowel_i],i-vka,a_stem,a_present,True,False,False,1,1,1,1,1
334,341,he/she is taking a seat,alhstvlhuhska,kalihstvlhuhska,alhstvlhuhsko'i,ulhstvlhunv'i,halhstvlhuka,ulhstvlhuhsti,Eventful,alhstvl,[H_alt=vowel_i],husk,a_stem,a_present,True,False,False,1,1,1,1,1
336,343,he/she is dancing,alhski'a,kalihski'a,alhskihsko'i,ulhskihsv'i,halhski,ulhskihsti,Eventful,alhs,[H_alt=vowel_i],rev-gi,a_stem,a_present,True,False,False,1,1,1,1,1
336,343,he/she is dancing,alhski'a,kalihski'a,alhskihsko'i,ulhskihsv'i,halhski,ulhskihsti,Eventful,alhsk,[H_alt=vowel_i],rev-i,a_stem,a_present,True,False,False,1,1,1,1,1
337,344,he/she is permitting him/her,alhskolhtaneha,tsiyalihskolhtaneha,alhskolhtaneho'i,ulhskolhtanelv'i,hiyalihskolhtahsi,ulhskolhtanehti,Eventful,alhskolhtan,[H_alt=vowel_i],apl,a_stem,a_present,True,False,True,1,1,1,1,1
338,345,he/she is nodding his/her head,alhskuhska,kalihskuhska,alhskuhsko'i,ulhskuyhv'i,halhskuyha,ulhskuhsti,Eventful,alhsku,[H_alt=vowel_i],sk-h-yh,a_stem,a_present,True,False,False,1,1,1,1,1
339,346,it’s ending,alhskwati'a,,alhskwatihsko'i,ulhskwatv'i,,ulhskwatihsti,Eventful,alhskwat,[H_alt=none],i-a-i,a_stem,a_present,True,False,False,1,1,1,1,1
339,346,it’s ending,alhskwati'a,,alhskwatihsko'i,ulhskwatv'i,,ulhskwatihsti,Eventful,alhskwat,[H_alt=none],i-a-i,a_stem,a_present,True,False,True,1,1,1,1,1
339,346,it’s ending,alhskwati'a,,alhskwatihsko'i,ulhskwatv'i,,ulhskwatihsti,Eventful,alskwat,[H_alt=none],i-a-i,a_stem,a_present,True,False,False,1,1,1,1,1
339,346,it’s ending,alhskwati'a,,alhskwatihsko'i,ulhskwatv'i,,ulhskwatihsti,Eventful,alskwat,[H_alt=none],i-a-i,a_stem,a_present,True,False,True,1,1,1,1,1
339,346,it’s ending,alhskwati'a,,alhskwatihsko'i,ulhskwatv'i,,ulhskwatihsti,Eventful,lhskwat,[H_alt=none],i-a-i,cons_stem,a_present,True,False,False,1,1,1,1,1
339,346,it’s ending,alhskwati'a,,alhskwatihsko'i,ulhskwatv'i,,ulhskwatihsti,Eventful,lhskwat,[H_alt=none],i-a-i,cons_stem,a_present,True,False,True,1,1,1,1,1
340,347,he/she is sticking his/her head out,alhskwaluti'a,kalihskwaluti'a,alhskwalutihsko'i,ulhskwalutanv'i,halhskwalutvka,ulhskwalutoti,Eventful,alhskwalut,[H_alt=vowel_i],i-vka,a_stem,a_present,True,False,False,1,1,1,1,1
341,348,he/she is taking his/her hat off,alhskwethuhki'a,kalihskwethuhki'a,alhskwethuhkihsko'i,ulhskwethuhkihsv'i,halhskwethuhki,ulhskwethuhkihsti,Eventful,alhskwethuh,[H_alt=vowel_i],rev-gi,a_stem,a_present,True,False,False,1,1,1,1,1
341,348,he/she is taking his/her hat off,alhskwethuhki'a,kalihskwethuhki'a,alhskwethuhkihsko'i,ulhskwethuhkihsv'i,halhskwethuhki,ulhskwethuhkihsti,Eventful,alhskwethuhk,[H_alt=vowel_i],rev-i,a_stem,a_present,True,False,False,1,1,1,1,1
344,351,he/she is setting a goal,alhsohstiha,kalihsohstiha,alhsohstihsko'i,ulhsohsthanv'i,halhsohsta,ulhsohstohti,Eventful,alhsohst,[H_alt=vowel_i],cause,a_stem,a_present,True,False,False,1,1,1,1,1
344,351,he/she is setting a goal,alhsohstiha,kalihsohstiha,alhsohstihsko'i,ulhsohsthanv'i,halhsohsta,ulhsohstohti,Eventful,alhsost,[H_alt=vowel_i],cause,a_stem,a_present,True,False,False,1,1,1,1,1
345,352,he/she is smelling it (refers to sniffing),alhsvhstiha,kalihsvhstiha,alhsvhstihsko'i,ulhsvhsthanv'i,halhsvhsta,ulhsvhstohti,Eventful,alhsvhst,[H_alt=vowel_i],cause,a_stem,a_present,True,False,False,1,1,1,1,1
345,352,he/she is smelling it (refers to sniffing),alhsvhstiha,kalihsvhstiha,alhsvhstihsko'i,ulhsvhsthanv'i,halhsvhsta,ulhsvhstohti,Eventful,alhsvst,[H_alt=vowel_i],cause,a_stem,a_present,True,False,False,1,1,1,1,1
355,362,they are gathering,anatalhihsiha,otsatalhihsiha,anatalhihsihsko'i,unatalhihsanhv'i,itsatalhihsa,unatalhihsohti,Eventful,atalhihs,[H_alt=none],cause,a_stem,a_present,True,True,False,1,1,2,1,1
355,362,they are gathering,anatalhihsiha,otsatalhihsiha,anatalhihsihsko'i,unatalhihsanhv'i,itsatalhihsa,unatalhihsohti,Eventful,atalhihs,[H_alt=none],cause,a_stem,a_present,True,True,False,1,1,2,1,1
355,362,they are gathering,anatalhihsiha,otsatalhihsiha,anatalhihsihsko'i,unatalhihsanhv'i,itsatalhihsa,unatalhihsohti,Eventful,atalhis,[H_alt=none],cause,a_stem,a_present,True,True,False,1,1,2,1,1
355,362,they are gathering,anatalhihsiha,otsatalhihsiha,anatalhihsihsko'i,unatalhihsanhv'i,itsatalhihsa,unatalhihsohti,Eventful,atalhis,[H_alt=none],cause,a_stem,a_present,True,True,False,1,1,2,1,1
356,363,it’s lightning,anakaliha,,anakalihsko'i,unakalvhv'i,,,Eventful,akal,[H_alt=none],ih-vh,a_stem,a_present,True,True,False,1,1,1,1,1
356,363,it’s lightning,anakaliha,,anakalihsko'i,unakalvhv'i,,,Eventful,akal,[H_alt=none],ih-vh,a_stem,a_present,True,True,False,1,1,1,1,1
356,363,it’s lightning,anakaliha,,anakalihsko'i,unakalvhv'i,,,Eventful,anakal,[H_alt=none],ih-vh,a_stem,a_present,True,False,False,1,1,1,1,1
356,363,it’s lightning,anakaliha,,anakalihsko'i,unakalvhv'i,,,Eventful,anakal,[H_alt=none],ih-vh,a_stem,a_present,True,False,True,1,1,1,1,1
359,366,they are getting together,analikohvhska,otsalikohvhska,analikohvhsko'i,unalikonhv'i,itsalikohvka,unalikhti,Eventful,aliko,[H_alt=none],hvsk-nh,a_stem,a_present,True,True,False,1,1,1,1,2
359,366,they are getting together,analikohvhska,otsalikohvhska,analikohvhsko'i,unalikonhv'i,itsalikohvka,unalikhti,Eventful,aliko,[H_alt=none],hvsk-nh,a_stem,a_present,True,True,False,1,1,1,1,2
361,368,he/she is attempting it,anelhtiha,kanelhtiha,anelhtihsko'i,unelhthanv'i,hanelhta,unelhtohti,Eventful,anelht,[H_alt=none],cause,a_stem,a_present,True,False,False,1,1,1,1,1
362,369,he is getting married,anelati'a,kanelati'a,anelatihsko'i,unelatv'i,hanelata,unelatihsti,Eventful,anelat,[H_alt=none],i-a-i,a_stem,a_present,True,False,False,1,1,1,1,1
363,370,he/she is remembering him/her,anhtati'a,tsiyanvtati'a,anhtatihsko'i,unhtatv'i,hiyanvtata,unhtatihsti,Eventful,anhtat,[H_alt=vowel_v],i-a-i,a_stem,a_present,True,False,True,1,1,1,1,1
365,372,they are standing (refers to a congregation),anitona'a,otsitona'a,anitona'o'i,anitona'v'i,,,StativeFutProg,ton,[H_alt=none],stative-a',cons_stem,a_present,True,True,False,1,1,1,1,1
365,372,they are standing (refers to a congregation),anitona'a,otsitona'a,anitona'o'i,anitona'v'i,,,StativeFutProg,ton,[H_alt=none],stative-a',cons_stem,a_present,True,True,False,1,1,1,1,1
365,372,they are standing (refers to a congregation),anitona'a,otsitona'a,anitona'o'i,anitona'v'i,,,StativeFutProg,ton,[H_alt=none],stative-a',long_stem,a_present,True,True,False,1,1,1,1,1
365,372,they are standing (refers to a congregation),anitona'a,otsitona'a,anitona'o'i,anitona'v'i,,,StativeFutProg,ton,[H_alt=none],stative-a',long_stem,a_present,True,True,False,1,1,1,1,1
365,372,they are standing (refers to a congregation),anitona'a,otsitona'a,anitona'o'i,anitona'v'i,,,StativeFutProg,tona',[H_alt=none],stative,cons_stem,a_present,True,True,False,1,1,1,1,1
365,372,they are standing (refers to a congregation),anitona'a,otsitona'a,anitona'o'i,anitona'v'i,,,StativeFutProg,tona',[H_alt=none],stative,cons_stem,a_present,True,True,False,1,1,1,1,1
365,372,they are standing (refers to a congregation),anitona'a,otsitona'a,anitona'o'i,anitona'v'i,,,StativeFutProg,tona',[H_alt=none],stative,long_stem,a_present,True,True,False,1,1,1,1,1
365,372,they are standing (refers to a congregation),anitona'a,otsitona'a,anitona'o'i,anitona'v'i,,,StativeFutProg,tona',[H_alt=none],stative,long_stem,a_present,True,True,False,1,1,1,1,1
366,373,they are asleep (refers to more than two),anilhina,otsilhina,anilhino'i,,,,StativeFutProg,lhin,[H_alt=none],stative,cons_stem,a_present,True,True,False,1,1,1,1,1
366,373,they are asleep (refers to more than two),anilhina,otsilhina,anilhino'i,,,,StativeFutProg,lhin,[H_alt=none],stative,cons_stem,a_present,True,True,False,1,1,1,1,1
366,373,they are asleep (refers to more than two),anilhina,otsilhina,anilhino'i,,,,StativeFutProg,lhin,[H_alt=none],stative,long_stem,a_present,True,True,False,1,1,1,1,1
366,373,they are asleep (refers to more than two),anilhina,otsilhina,anilhino'i,,,,StativeFutProg,lhin,[H_alt=none],stative,long_stem,a_present,True,True,False,1,1,1,1,1
366,373,they are asleep (refers to more than two),anilhina,otsilhina,anilhino'i,,,,StativeFutProg,lhin,[H_alt=none],stative,r_stem,a_present,True,True,False,1,1,1,1,1
366,373,they are asleep (refers to more than two),anilhina,otsilhina,anilhino'i,,,,StativeFutProg,lhin,[H_alt=none],stative,r_stem,a_present,True,True,False,1,1,1,1,1
367,374,they are sitting (refers to a congregation),ani'na,otsi'na,ani'no'i,ani'nv'i,,,StativeFutProg,'n,[H_alt=none],stative,cons_stem,a_present,True,True,False,1,1,1,1,1
367,374,they are sitting (refers to a congregation),ani'na,otsi'na,ani'no'i,ani'nv'i,,,StativeFutProg,'n,[H_alt=none],stative,cons_stem,a_present,True,True,False,1,1,1,1,1
367,374,they are sitting (refers to a congregation),ani'na,otsi'na,ani'no'i,ani'nv'i,,,StativeFutProg,'n,[H_alt=none],stative,long_stem,a_present,True,True,False,1,1,1,1,1
367,374,they are sitting (refers to a congregation),ani'na,otsi'na,ani'no'i,ani'nv'i,,,StativeFutProg,'n,[H_alt=none],stative,long_stem,a_present,True,True,False,1,1,1,1,1
373,380,he/she is setting a trap,ahsatvhska,tsihsatvhska,ahsatvhsko'i,uhsatvnv'i,hihsatv'vka,uhsatvti,Eventful,hsat,[H_alt=none],vsk,cons_stem,a_present,True,False,False,1,1,1,2,1
373,380,he/she is setting a trap,ahsatvhska,tsihsatvhska,ahsatvhsko'i,uhsatvnv'i,hihsatv'vka,uhsatvti,Eventful,hsat,[H_alt=none],vsk,cons_stem,a_present,True,False,True,1,1,1,2,1
374,381,he/she is lifting him/her,ahsalati'a,tsihsalati'a,ahsalatihsko'i,uhsalatanv'i,hihsalatvka,uhsalatoti,Eventful,hsalat,[H_alt=none],i-vka,cons_stem,a_present,True,False,False,1,1,1,1,1
374,381,he/she is lifting him/her,ahsalati'a,tsihsalati'a,ahsalatihsko'i,uhsalatanv'i,hihsalatvka,uhsalatoti,Eventful,hsalat,[H_alt=none],i-vka,cons_stem,a_present,True,False,True,1,1,1,1,1
377,384,he/she is making it crisp,ahstakayhtiha,tsihstakayhtiha,ahstakayhtihsko'i,uhstakayhthanv'i,hihstakayhta,uhstakayhtohti,Eventful,hstakayht,[H_alt=none],cause,cons_stem,a_present,True,False,False,1,1,1,1,1
377,384,he/she is making it crisp,ahstakayhtiha,tsihstakayhtiha,ahstakayhtihsko'i,uhstakayhthanv'i,hihstakayhta,uhstakayhtohti,Eventful,hstakayht,[H_alt=none],cause,cons_stem,a_present,True,False,True,1,1,1,1,1
378,385,it’s becoming crisp,ahstakayvhiha,,ahstakayvhiho'i,uhstakayvlhv'i,,,Eventful,ahstakayv,[H_alt=none],hih-lh,a_stem,a_present,True,False,False,1,1,1,1,1
378,385,it’s becoming crisp,ahstakayvhiha,,ahstakayvhiho'i,uhstakayvlhv'i,,,Eventful,ahstakayv,[H_alt=none],hih-lh,a_stem,a_present,True,False,True,1,1,1,1,1
378,385,it’s becoming crisp,ahstakayvhiha,,ahstakayvhiho'i,uhstakayvlhv'i,,,Eventful,astakayv,[H_alt=none],hih-lh,a_stem,a_present,True,False,False,1,1,1,1,1
378,385,it’s becoming crisp,ahstakayvhiha,,ahstakayvhiho'i,uhstakayvlhv'i,,,Eventful,astakayv,[H_alt=none],hih-lh,a_stem,a_present,True,False,True,1,1,1,1,1
378,385,it’s becoming crisp,ahstakayvhiha,,ahstakayvhiho'i,uhstakayvlhv'i,,,Eventful,hstakayv,[H_alt=none],hih-lh,cons_stem,a_present,True,False,False,1,1,1,1,1
378,385,it’s becoming crisp,ahstakayvhiha,,ahstakayvhiho'i,uhstakayvlhv'i,,,Eventful,hstakayv,[H_alt=none],hih-lh,cons_stem,a_present,True,False,True,1,1,1,1,1
380,387,he/she is drawing a line,ahstanvnhvhska,tsihstanvnhvhska,ahstanvnhvhsko'i,uhstanvnhanv'i,hihstanvnhvka,uhstanvnhti,Eventful,hstanvn,[H_alt=none],hvsk-han,cons_stem,a_present,True,False,False,1,1,1,1,1
380,387,he/she is drawing a line,ahstanvnhvhska,tsihstanvnhvhska,ahstanvnhvhsko'i,uhstanvnhanv'i,hihstanvnhvka,uhstanvnhti,Eventful,hstanvn,[H_alt=none],hvsk-han,cons_stem,a_present,True,False,True,1,1,1,1,1
381,388,he/she is following him/her,ahstawateka,tsihstawateka,ahstawateko'i,uhstawatvhsv'i,hihstawatuka,uhstawatvhsti,Eventful,hstawat,[H_alt=none],go,cons_stem,a_present,True,False,False,1,1,1,1,1
381,388,he/she is following him/her,ahstawateka,tsihstawateka,ahstawateko'i,uhstawatvhsv'i,hihstawatuka,uhstawatvhsti,Eventful,hstawat,[H_alt=none],go,cons_stem,a_present,True,False,True,1,1,1,1,1
382,389,he/she is helping him/her,ahsteliha,tsihsteliha,ahstelihsko'i,uhstelvhv'i,hihstela,uhstelhti,Eventful,hstel,[H_alt=none],ih-vh,cons_stem,a_present,True,False,False,1,1,1,1,1
382,389,he/she is helping him/her,ahsteliha,tsihsteliha,ahstelihsko'i,uhstelvhv'i,hihstela,uhstelhti,Eventful,hstel,[H_alt=none],ih-vh,cons_stem,a_present,True,False,True,1,1,1,1,1
383,390,he/she is braiding it,ahsteyoha,tsihsteyoha,ahsteyoho'i,uhsteyolv'i,hihsteyaka,uhsteyoti,Eventful,hstey,[H_alt=none],oh-ol,cons_stem,a_present,True,False,False,1,1,1,1,1
383,390,he/she is braiding it,ahsteyoha,tsihsteyoha,ahsteyoho'i,uhsteyolv'i,hihsteyaka,uhsteyoti,Eventful,hstey,[H_alt=none],oh-ol,cons_stem,a_present,True,False,True,1,1,1,1,1
384,391,he/she is eating it (refers to a long object),ahstiki'a,tsihstiki'a,ahstikihsko'i,uhstikv'i,hihstika,uhstikihsti,Eventful,hstik,[H_alt=none],i-a-i,cons_stem,a_present,True,False,False,1,1,1,1,1
384,391,he/she is eating it (refers to a long object),ahstiki'a,tsihstiki'a,ahstikihsko'i,uhstikv'i,hihstika,uhstikihsti,Eventful,hstik,[H_alt=none],i-a-i,cons_stem,a_present,True,False,True,1,1,1,1,1
386,393,he/she is crushing it,ahsto'a,tsihsto'a,ahstohsko'i,uhsto'v'i,hihstotsa,uhstohsti,Eventful,hst,[H_alt=none],o,cons_stem,a_present,True,False,False,1,1,1,1,1
386,393,he/she is crushing it,ahsto'a,tsihsto'a,ahstohsko'i,uhsto'v'i,hihstotsa,uhstohsti,Eventful,hst,[H_alt=none],o,cons_stem,a_present,True,False,True,1,1,1,1,1
388,395,he/she is trimming it (refers to hair‚ grass‚ hedge; but not paper‚ cloth),ahstoyeha,tsihstoyeha,ahstoyehsko'i,uhstoyehv'i,hihstoya,uhstoyhti,Eventful,hstoy,[H_alt=none],apl-active-a,cons_stem,a_present,True,False,False,1,1,1,1,1
388,395,he/she is trimming it (refers to hair‚ grass‚ hedge; but not paper‚ cloth),ahstoyeha,tsihstoyeha,ahstoyehsko'i,uhstoyehv'i,hihstoya,uhstoyhti,Eventful,hstoy,[H_alt=none],apl-active-a,cons_stem,a_present,True,False,True,1,1,1,1,1
390,397,he/she is opening it,ahstu'i'a,tsihstu'i'a,ahstu'ihsko'i,uhstu'ihsv'i,hihstu'i,uhstu'ihsti,Eventful,hstu,[H_alt=none],rev-'i,cons_stem,a_present,True,False,False,1,1,1,1,1
390,397,he/she is opening it,ahstu'i'a,tsihstu'i'a,ahstu'ihsko'i,uhstu'ihsv'i,hihstu'i,uhstu'ihsti,Eventful,hstu,[H_alt=none],rev-'i,cons_stem,a_present,True,False,True,1,1,1,1,1
390,397,he/she is opening it,ahstu'i'a,tsihstu'i'a,ahstu'ihsko'i,uhstu'ihsv'i,hihstu'i,uhstu'ihsti,Eventful,hstu',[H_alt=none],rev-i,cons_stem,a_present,True,False,False,1,1,1,1,1
390,397,he/she is opening it,ahstu'i'a,tsihstu'i'a,ahstu'ihsko'i,uhstu'ihsv'i,hihstu'i,uhstu'ihsti,Eventful,hstu',[H_alt=none],rev-i,cons_stem,a_present,True,False,True,1,1,1,1,1
392,399,he/she is sandwiching it,ahstvhalhvhska,tsihstvhalhvhska,ahstvhalhvhsko'i,uhstvhalhanv'i,hihstvhalhvka,uhstvhalhti,Eventful,hstvhal,[H_alt=none],hvsk-han,cons_stem,a_present,True,False,False,1,1,1,1,1
392,399,he/she is sandwiching it,ahstvhalhvhska,tsihstvhalhvhska,ahstvhalhvhsko'i,uhstvhalhanv'i,hihstvhalhvka,uhstvhalhti,Eventful,hstvhal,[H_alt=none],hvsk-han,cons_stem,a_present,True,False,True,1,1,1,1,1
397,404,he/she is including him/her (refers to in counting),ahsehstiha,tsiyahsehstiha,ahsehstihsko'i,uhsehsthanv'i,hiyahsehsta,uhsehstohti,Eventful,ahsehst,[H_alt=none],cause,a_stem,a_present,True,False,True,1,1,1,1,1
397,404,he/she is including him/her (refers to in counting),ahsehstiha,tsiyahsehstiha,ahsehstihsko'i,uhsehsthanv'i,hiyahsehsta,uhsehstohti,Eventful,ahsest,[H_alt=none],cause,a_stem,a_present,True,False,True,1,1,1,1,1
397,404,he/she is including him/her (refers to in counting),ahsehstiha,tsiyahsehstiha,ahsehstihsko'i,uhsehsthanv'i,hiyahsehsta,uhsehstohti,Eventful,asehst,[H_alt=none],cause,a_stem,a_present,True,False,True,1,1,1,1,1
397,404,he/she is including him/her (refers to in counting),ahsehstiha,tsiyahsehstiha,ahsehstihsko'i,uhsehsthanv'i,hiyahsehsta,uhsehstohti,Eventful,asest,[H_alt=none],cause,a_stem,a_present,True,False,True,1,1,1,1,1
398,405,he/she is withdrawing (refers to a motion),ahsehsiha,kahsehsiha,ahsehsihsko'i,uhsehsvhv'i,hahsehsa,uhsehsvhti,Eventful,ahsehs,[H_alt=none],ih-vh,a_stem,a_present,True,False,False,1,1,1,1,2
398,405,he/she is withdrawing (refers to a motion),ahsehsiha,kahsehsiha,ahsehsihsko'i,uhsehsvhv'i,hahsehsa,uhsehsvhti,Eventful,ahses,[H_alt=none],ih-vh,a_stem,a_present,True,False,False,1,1,1,1,2
398,405,he/she is withdrawing (refers to a motion),ahsehsiha,kahsehsiha,ahsehsihsko'i,uhsehsvhv'i,hahsehsa,uhsehsvhti,Eventful,asehs,[H_alt=none],ih-vh,a_stem,a_present,True,False,False,1,1,1,1,2
398,405,he/she is withdrawing (refers to a motion),ahsehsiha,kahsehsiha,ahsehsihsko'i,uhsehsvhv'i,hahsehsa,uhsehsvhti,Eventful,ases,[H_alt=none],ih-vh,a_stem,a_present,True,False,False,1,1,1,1,2
400,407,he/she is reprimanding him/her,ahskaka,tsihskaka,ahskako'i,uhskatsv'i,hihskaki,uhskayhsti,Eventful,hska,[H_alt=none],become,cons_stem,a_present,True,False,False,1,1,1,1,3
400,407,he/she is reprimanding him/her,ahskaka,tsihskaka,ahskako'i,uhskatsv'i,hihskaki,uhskayhsti,Eventful,hska,[H_alt=none],become,cons_stem,a_present,True,False,True,1,1,1,1,3
405,412,he/she is committing a crime,ahskanvka,tsihskanvka,ahskanvko'i,uhskanvtsv'i,hihskanvki,uhskanvyhsti,Eventful,hskanv,[H_alt=none],become,cons_stem,a_present,True,False,False,1,1,1,1,3
405,412,he/she is committing a crime,ahskanvka,tsihskanvka,ahskanvko'i,uhskanvtsv'i,hihskanvki,uhskanvyhsti,Eventful,hskanv,[H_alt=none],become,cons_stem,a_present,True,False,True,1,1,1,1,3
411,418,he/she is gnawing it,ahskoki'a,tsihskoki'a,ahskokihsko'i,uhskokv'i,hihskoka,uhskokihsti,Eventful,hskok,[H_alt=none],i-a-i,cons_stem,a_present,True,False,False,1,1,1,1,1
411,418,he/she is gnawing it,ahskoki'a,tsihskoki'a,ahskokihsko'i,uhskokv'i,hihskoka,uhskokihsti,Eventful,hskok,[H_alt=none],i-a-i,cons_stem,a_present,True,False,True,1,1,1,1,1
412,419,he/she is mourning for him/her,ahskonhiha,tsihskonhiha,ahskonhiho'i,uhskonhilv'i,hihskonhka,uhskonhsti,Eventful,hskon,[H_alt=none],hih-hil,cons_stem,a_present,True,False,False,1,1,1,1,1
412,419,he/she is mourning for him/her,ahskonhiha,tsihskonhiha,ahskonhiho'i,uhskonhilv'i,hihskonhka,uhskonhsti,Eventful,hskon,[H_alt=none],hih-hil,cons_stem,a_present,True,False,True,1,1,1,1,1
413,420,he/she is rubbing him/her,ahskoliye'a,tsiyahskoliye'a,ahskoliyehsko'i,uhskoliye'v'i,hiyahskoliya,uhskoliyeti,Eventful,ahskoliy,[H_alt=none],e-a,a_stem,a_present,True,False,True,1,1,1,1,1
413,420,he/she is rubbing him/her,ahskoliye'a,tsiyahskoliye'a,ahskoliyehsko'i,uhskoliye'v'i,hiyahskoliya,uhskoliyeti,Eventful,askoliy,[H_alt=none],e-a,a_stem,a_present,True,False,True,1,1,1,1,1
416,423,it’s fading,ahskolvka,,ahskolvko'i,uhskolvtsv'i,,uhskolvyhsti,Eventful,ahskolv,[H_alt=none],become,a_stem,a_present,True,False,False,1,1,1,1,3
416,423,it’s fading,ahskolvka,,ahskolvko'i,uhskolvtsv'i,,uhskolvyhsti,Eventful,ahskolv,[H_alt=none],become,a_stem,a_present,True,False,True,1,1,1,1,3
416,423,it’s fading,ahskolvka,,ahskolvko'i,uhskolvtsv'i,,uhskolvyhsti,Eventful,askolv,[H_alt=none],become,a_stem,a_present,True,False,False,1,1,1,1,3
416,423,it’s fading,ahskolvka,,ahskolvko'i,uhskolvtsv'i,,uhskolvyhsti,Eventful,askolv,[H_alt=none],become,a_stem,a_present,True,False,True,1,1,1,1,3
416,423,it’s fading,ahskolvka,,ahskolvko'i,uhskolvtsv'i,,uhskolvyhsti,Eventful,hskolv,[H_alt=none],become,cons_stem,a_present,True,False,False,1,1,1,1,3
416,423,it’s fading,ahskolvka,,ahskolvko'i,uhskolvtsv'i,,uhskolvyhsti,Eventful,hskolv,[H_alt=none],become,cons_stem,a_present,True,False,True,1,1,1,1,3
417,424,he/she is digging it,ahskohska,kahskohska,ahskohsko'i,uhskohsv'i,hahskola,uhskohsti,Eventful,ahsko,[H_alt=none],sk-s-la,a_stem,a_present,True,False,False,1,1,1,1,1
417,424,he/she is digging it,ahskohska,kahskohska,ahskohsko'i,uhskohsv'i,hahskola,uhskohsti,Eventful,asko,[H_alt=none],sk-s-la,a_stem,a_present,True,False,False,1,1,1,1,1
419,426,he/she is finishing it,ahskwati'a,tsihskwati'a,ahskwatihsko'i,uhskwatv'i,hihskwata,uhskwatihsti,Eventful,hskwat,[H_alt=none],i-a-i,cons_stem,a_present,True,False,False,1,1,1,1,1
419,426,he/she is finishing it,ahskwati'a,tsihskwati'a,ahskwatihsko'i,uhskwatv'i,hihskwata,uhskwatihsti,Eventful,hskwat,[H_alt=none],i-a-i,cons_stem,a_present,True,False,True,1,1,1,1,1
421,428,he/she is catching him/her (refers to a falling person or object),ahskwalhe'a,tsihskwalhe'a,ahskwalhehsko'i,uhskwalhehsv'i,hihskwalhaki,uhskwalhehsti,Eventful,hskwalh,[H_alt=none],rev-e,cons_stem,a_present,True,False,False,1,1,1,1,1
421,428,he/she is catching him/her (refers to a falling person or object),ahskwalhe'a,tsihskwalhe'a,ahskwalhehsko'i,uhskwalhehsv'i,hihskwalhaki,uhskwalhehsti,Eventful,hskwalh,[H_alt=none],rev-e,cons_stem,a_present,True,False,True,1,1,1,1,1
423,430,it’s getting shorter,ahskwaloka,tsihskwaloka,ahskwaloko'i,uhskwalotsv'i,hihskwaloki,uhskwaloyhsti,Eventful,hskwalo,[H_alt=none],become,cons_stem,a_present,True,False,False,1,1,1,1,3
423,430,it’s getting shorter,ahskwaloka,tsihskwaloka,ahskwaloko'i,uhskwalotsv'i,hihskwaloki,uhskwaloyhsti,Eventful,hskwalo,[H_alt=none],become,cons_stem,a_present,True,False,True,1,1,1,1,3
424,431,he/she is breaking it (refers to a long object),ahskwalhska,tsihskwalhska,ahskwalhsko'i,uhskwalhsv'i,hihskwala,uhskwalhsti,Eventful,hskwal,[H_alt=none],sk-s-a,cons_stem,a_present,True,False,False,1,1,1,1,2
424,431,he/she is breaking it (refers to a long object),ahskwalhska,tsihskwalhska,ahskwalhsko'i,uhskwalhsv'i,hihskwala,uhskwalhsti,Eventful,hskwal,[H_alt=none],sk-s-a,cons_stem,a_present,True,False,True,1,1,1,1,2
425,432,he/she is hitting him/her on the head with it (refers to a long object),ahskwalvniha,tsihskwalvniha,ahskwalvniho'i,uhskwalvnilv'i,hihskwalvnika,uhskwalvnihsti,Eventful,hskwalvn,[H_alt=none],ih-il,cons_stem,a_present,True,False,False,1,1,1,1,1
425,432,he/she is hitting him/her on the head with it (refers to a long object),ahskwalvniha,tsihskwalvniha,ahskwalvniho'i,uhskwalvnilv'i,hihskwalvnika,uhskwalvnihsti,Eventful,hskwalvn,[H_alt=none],ih-il,cons_stem,a_present,True,False,True,1,1,1,1,1
427,434,he/she is amazed,ahskwanikohska,tsihskwanikohska,ahskwanikohsko'i,uhskwanikohsv'i,hihskwanikohi,uhskwanikohihsti,Eventful,hskwaniko,[H_alt=none],sk-s-hi-hihst,cons_stem,a_present,True,False,False,1,1,1,1,1
427,434,he/she is amazed,ahskwanikohska,tsihskwanikohska,ahskwanikohsko'i,uhskwanikohsv'i,hihskwanikohi,uhskwanikohihsti,Eventful,hskwaniko,[H_alt=none],sk-s-hi-hihst,cons_stem,a_present,True,False,True,1,1,1,1,1
429,436,he/she is hitting him/her on the abdomen with it (refers to a long object),ahskwohalvniha,tsihskwohalvniha,ahskwohalvniho'i,uhskwohalvnilv'i,hihskwohalvnika,uhskwohalvnihsti,Eventful,hskwohalvn,[H_alt=none],ih-il,cons_stem,a_present,True,False,False,1,1,1,1,1
429,436,he/she is hitting him/her on the abdomen with it (refers to a long object),ahskwohalvniha,tsihskwohalvniha,ahskwohalvniho'i,uhskwohalvnilv'i,hihskwohalvnika,uhskwohalvnihsti,Eventful,hskwohalvn,[H_alt=none],ih-il,cons_stem,a_present,True,False,True,1,1,1,1,1
430,437,he/she is placing his/her hand on him/her,ahsihthati'a,tsiyahsihthati'a,ahsihthatihsko'i,uhsihthatv'i,hiyahsihthata,uhsihthatihsti,Eventful,ahsihthat,[H_alt=none],i-a-i,a_stem,a_present,True,False,True,1,1,1,1,1
430,437,he/she is placing his/her hand on him/her,ahsihthati'a,tsiyahsihthati'a,ahsihthatihsko'i,uhsihthatv'i,hiyahsihthata,uhsihthatihsti,Eventful,asihthat,[H_alt=none],i-a-i,a_stem,a_present,True,False,True,1,1,1,1,1
431,438,he/she is slapping him/her,ahsihthvniha,tsiyahsihthvniha,ahsihthvniho'i,uhsihthvnilv'i,hiyahsihthvnika,uhsihthvnihsti,Eventful,ahsihthvn,[H_alt=none],ih-il,a_stem,a_present,True,False,True,1,1,1,1,1
431,438,he/she is slapping him/her,ahsihthvniha,tsiyahsihthvniha,ahsihthvniho'i,uhsihthvnilv'i,hiyahsihthvnika,uhsihthvnihsti,Eventful,asihthvn,[H_alt=none],ih-il,a_stem,a_present,True,False,True,1,1,1,1,1
432,439,he/she is backing up,ahsineka,kahsineka,ahsineko'i,uhsinvhsv'i,hahsinuka,uhsinvhsti,Eventful,ahsin,[H_alt=none],go,a_stem,a_present,True,False,False,1,1,1,1,1
432,439,he/she is backing up,ahsineka,kahsineka,ahsineko'i,uhsinvhsv'i,hahsinuka,uhsinvhsti,Eventful,asin,[H_alt=none],go,a_stem,a_present,True,False,False,1,1,1,1,1
436,443,he/she is roping him/her,ahslhati'a,tsihslhati'a,ahslhatihsko'i,uhslhatv'i,hihslhata,uhslhatihsti,Eventful,hslhat,[H_alt=none],i-a-i,cons_stem,a_present,True,False,False,1,1,1,1,1
436,443,he/she is roping him/her,ahslhati'a,tsihslhati'a,ahslhatihsko'i,uhslhatv'i,hihslhata,uhslhatihsti,Eventful,hslhat,[H_alt=none],i-a-i,cons_stem,a_present,True,False,True,1,1,1,1,1
437,444,he/she is building a fence,ahsoyhoha,kahsoyhoha,ahsoyhoho'i,uhsoyhalv'i,hahsoyhka,uhsoyhsti,Eventful,ahsoy,[H_alt=none],oh-al,a_stem,a_present,True,False,False,1,1,1,1,1
437,444,he/she is building a fence,ahsoyhoha,kahsoyhoha,ahsoyhoho'i,uhsoyhalv'i,hahsoyhka,uhsoyhsti,Eventful,asoy,[H_alt=none],oh-al,a_stem,a_present,True,False,False,1,1,1,1,1
439,446,he/she is waving his/her hand,ahsolvtaki'a,kahsolvtaki'a,ahsolvtakihsko'i,uhsolvtakihsv'i,hahsolvtaki,uhsolvtakihsti,Eventful,ahsolvta,[H_alt=none],rev-gi,a_stem,a_present,True,False,False,1,1,1,1,1
439,446,he/she is waving his/her hand,ahsolvtaki'a,kahsolvtaki'a,ahsolvtakihsko'i,uhsolvtakihsv'i,hahsolvtaki,uhsolvtakihsti,Eventful,ahsolvtak,[H_alt=none],rev-i,a_stem,a_present,True,False,False,1,1,1,1,1
439,446,he/she is waving his/her hand,ahsolvtaki'a,kahsolvtaki'a,ahsolvtakihsko'i,uhsolvtakihsv'i,hahsolvtaki,uhsolvtakihsti,Eventful,asolvta,[H_alt=none],rev-gi,a_stem,a_present,True,False,False,1,1,1,1,1
439,446,he/she is waving his/her hand,ahsolvtaki'a,kahsolvtaki'a,ahsolvtakihsko'i,uhsolvtakihsv'i,hahsolvtaki,uhsolvtakihsti,Eventful,asolvtak,[H_alt=none],rev-i,a_stem,a_present,True,False,False,1,1,1,1,1
440,447,he/she is pressing down on him/her,ahsonhstiha,tsiyahsonhstiha,ahsonhstihsko'i,uhsonhsthanv'i,hiyahsonhsta,uhsonhstohti,Eventful,ahsonhst,[H_alt=none],cause,a_stem,a_present,True,False,True,1,1,1,1,1
440,447,he/she is pressing down on him/her,ahsonhstiha,tsiyahsonhstiha,ahsonhstihsko'i,uhsonhsthanv'i,hiyahsonhsta,uhsonhstohti,Eventful,ahsonst,[H_alt=none],cause,a_stem,a_present,True,False,True,1,1,1,1,1
440,447,he/she is pressing down on him/her,ahsonhstiha,tsiyahsonhstiha,ahsonhstihsko'i,uhsonhsthanv'i,hiyahsonhsta,uhsonhstohti,Eventful,asonhst,[H_alt=drop],cause,a_stem,a_present,True,False,True,1,1,1,1,1
440,447,he/she is pressing down on him/her,ahsonhstiha,tsiyahsonhstiha,ahsonhstihsko'i,uhsonhsthanv'i,hiyahsonhsta,uhsonhstohti,Eventful,asonst,[H_alt=none],cause,a_stem,a_present,True,False,True,1,1,1,1,1
441,448,he/she is wounding him/her,ahsonvhska,tsihsonvhska,ahsonvhsko'i,uhsonvnhv'i,hihsonvna,uhsonvhsti,Eventful,hson,[H_alt=none],vnh-vsk,cons_stem,a_present,True,False,False,1,1,1,1,4
441,448,he/she is wounding him/her,ahsonvhska,tsihsonvhska,ahsonvhsko'i,uhsonvnhv'i,hihsonvna,uhsonvhsti,Eventful,hson,[H_alt=none],vnh-vsk,cons_stem,a_present,True,False,True,1,1,1,1,4
444,451,he/she is fishing,ahsuhvhska,kahsuhvhska,ahsuhvhsko'i,uhsunhv'i,hahsuhvka,uhsuhti,Eventful,ahsu,[H_alt=none],hvsk-nh,a_stem,a_present,True,False,False,1,1,1,1,1
444,451,he/she is fishing,ahsuhvhska,kahsuhvhska,ahsuhvhsko'i,uhsunhv'i,hahsuhvka,uhsuhti,Eventful,asu,[H_alt=none],hvsk-nh,a_stem,a_present,True,False,False,1,1,1,1,1
445,452,he/she is painting it,ahsuwhihska,tsihsuwhihska,ahsuwhihsko'i,uhsuwhihsv'i,hihsuwha,uhsuwhihsti,Eventful,hsuwh,[H_alt=none],i-a-ihsk,cons_stem,a_present,True,False,False,1,1,1,1,1
445,452,he/she is painting it,ahsuwhihska,tsihsuwhihska,ahsuwhihsko'i,uhsuwhihsv'i,hihsuwha,uhsuwhihsti,Eventful,hsuwh,[H_alt=none],i-a-ihsk,cons_stem,a_present,True,False,True,1,1,1,1,1
446,453,he/she is changing his/her pants,ahsula'iyv'a,kahsula'iyv'a,ahsula'iyvhsko'i,uhsula'iyvhsv'i,hahsula'iyvna,uhsula'iyvhsti,Eventful,ahsula'iy,[H_alt=none],v-vhs,a_stem,a_present,True,False,False,1,1,1,1,1
446,453,he/she is changing his/her pants,ahsula'iyv'a,kahsula'iyv'a,ahsula'iyvhsko'i,uhsula'iyvhsv'i,hahsula'iyvna,uhsula'iyvhsti,Eventful,asula'iy,[H_alt=none],v-vhs,a_stem,a_present,True,False,False,1,1,1,1,1
447,454,he/she is taking his/her pants off,ahsule'a,kahsule'a,ahsulehsko'i,uhsulehsv'i,hahsulaki,uhsulehsti,Eventful,ahsul,[H_alt=none],rev-e,a_stem,a_present,True,False,False,1,1,1,1,1
447,454,he/she is taking his/her pants off,ahsule'a,kahsule'a,ahsulehsko'i,uhsulehsv'i,hahsulaki,uhsulehsti,Eventful,asul,[H_alt=none],rev-e,a_stem,a_present,True,False,False,1,1,1,1,1
448,455,he/she is putting his/her pants on,ahsuli'a,kahsuli'a,ahsulihsko'i,uhsulanv'i,hahsulvka,uhsuloti,Eventful,ahsul,[H_alt=none],i-vka,a_stem,a_present,True,False,False,1,1,1,1,1
448,455,he/she is putting his/her pants on,ahsuli'a,kahsuli'a,ahsulihsko'i,uhsulanv'i,hahsulvka,uhsuloti,Eventful,asul,[H_alt=none],i-vka,a_stem,a_present,True,False,False,1,1,1,1,1
449,456,he/she is quitting,ahsulikoka,tsihsulikoka,ahsulikoko'i,uhsulikotsv'i,hihsuliko'i,uhsulikohsti,Eventful,hsuli,[H_alt=none],ko-kots,cons_stem,a_present,True,False,False,1,1,1,1,1
449,456,he/she is quitting,ahsulikoka,tsihsulikoka,ahsulikoko'i,uhsulikotsv'i,hihsuliko'i,uhsulikohsti,Eventful,hsuli,[H_alt=none],ko-kots,cons_stem,a_present,True,False,True,1,1,1,1,1
452,459,he/she is choosing him/her,ahsuye'a,tsiyahsuye'a,ahsuyehsko'i,uhsuyehsv'i,hiyahsuyaki,uhsuyehsti,Eventful,ahsuy,[H_alt=none],rev-e,a_stem,a_present,True,False,True,1,1,1,1,1
452,459,he/she is choosing him/her,ahsuye'a,tsiyahsuye'a,ahsuyehsko'i,uhsuyehsv'i,hiyahsuyaki,uhsuyehsti,Eventful,asuy,[H_alt=none],rev-e,a_stem,a_present,True,False,True,1,1,1,1,1
453,460,he/she is stirring it,ahsuyeha,kahsuyeha,ahsuyehsko'i,uhsuyehv'i,hahsuyvla,uhsuyehti,Eventful,ahsuy,[H_alt=none],apl-active,a_stem,a_present,True,False,False,1,1,1,1,1
453,460,he/she is stirring it,ahsuyeha,kahsuyeha,ahsuyehsko'i,uhsuyehv'i,hahsuyvla,uhsuyehti,Eventful,asuy,[H_alt=none],apl-active,a_stem,a_present,True,False,False,1,1,1,1,1
454,461,he/she is mixing it in,ahsuyvhska,kahsuyvhska,ahsuyvhsko'i,uhsuyvnv'i,hahsuyv'vka,uhsuyvti,Eventful,ahsuy,[H_alt=none],vsk,a_stem,a_present,True,False,False,1,1,1,2,1
454,461,he/she is mixing it in,ahsuyvhska,kahsuyvhska,ahsuyvhsko'i,uhsuyvnv'i,hahsuyv'vka,uhsuyvti,Eventful,asuy,[H_alt=none],vsk,a_stem,a_present,True,False,False,1,1,1,2,1
455,462,it smells,ahsvka,tsihsvka,ahsvko'i,,,,Eventful,hsv,[H_alt=none],become,cons_stem,a_present,True,False,False,1,1,1,1,1
455,462,it smells,ahsvka,tsihsvka,ahsvko'i,,,,Eventful,hsv,[H_alt=none],become,cons_stem,a_present,True,False,True,1,1,1,1,1
458,465,he/she is touching him/her,ahsvnhiha,tsiyahsvnhiha,ahsvnhiho'i,uhsvnhilv'i,hiyahsvnhka,uhsvnhsti,Eventful,ahsvn,[H_alt=none],hih-hil,a_stem,a_present,True,False,True,1,1,1,1,1
458,465,he/she is touching him/her,ahsvnhiha,tsiyahsvnhiha,ahsvnhiho'i,uhsvnhilv'i,hiyahsvnhka,uhsvnhsti,Eventful,asvn,[H_alt=none],hih-hil,a_stem,a_present,True,False,True,1,1,1,1,1
459,466,he/she is drinking it up,ahsvhvhska,tsihsvhvhska,ahsvhvhsko'i,uhsvnhv'i,hihsvnha,uhsvhvhsti,Eventful,hsv,[H_alt=none],terminative-no-o,cons_stem,a_present,True,False,False,1,1,1,1,1
459,466,he/she is drinking it up,ahsvhvhska,tsihsvhvhska,ahsvhvhsko'i,uhsvnhv'i,hihsvnha,uhsvhvhsti,Eventful,hsv,[H_alt=none],terminative-no-o,cons_stem,a_present,True,False,True,1,1,1,1,1
464,471,he/she is mooring a boat,athalati'a,tsithalati'a,athalatihsko'i,uthalatv'i,hithalata,uthalatihsti,Eventful,thalat,[H_alt=none],i-a-i,cons_stem,a_present,True,False,False,1,1,1,1,1
464,471,he/she is mooring a boat,athalati'a,tsithalati'a,athalatihsko'i,uthalatv'i,hithalata,uthalatihsti,Eventful,thalat,[H_alt=none],i-a-i,cons_stem,a_present,True,False,True,1,1,1,1,1
467,474,it’s steaming,athanoleka,,athanoleko'i,uthanolvhsv'i,,uthanolvhsti,Eventful,athanol,[H_alt=none],go,a_stem,a_present,True,False,False,1,1,1,1,1
467,474,it’s steaming,athanoleka,,athanoleko'i,uthanolvhsv'i,,uthanolvhsti,Eventful,athanol,[H_alt=none],go,a_stem,a_present,True,False,True,1,1,1,1,1
467,474,it’s steaming,athanoleka,,athanoleko'i,uthanolvhsv'i,,uthanolvhsti,Eventful,thanol,[H_alt=none],go,cons_stem,a_present,True,False,False,1,1,1,1,1
467,474,it’s steaming,athanoleka,,athanoleko'i,uthanolvhsv'i,,uthanolvhsti,Eventful,thanol,[H_alt=none],go,cons_stem,a_present,True,False,True,1,1,1,1,1
469,476,it’s exploding,athahski'a,,athahskihsko'i,uthahskihsv'i,hathahski,uthahskihsti,Eventful,athahs,[H_alt=none],rev-gi,a_stem,a_present,True,False,False,1,1,1,1,1
469,476,it’s exploding,athahski'a,,athahskihsko'i,uthahskihsv'i,hathahski,uthahskihsti,Eventful,athahs,[H_alt=none],rev-gi,a_stem,a_present,True,False,True,1,1,1,1,1
469,476,it’s exploding,athahski'a,,athahskihsko'i,uthahskihsv'i,hathahski,uthahskihsti,Eventful,athahsk,[H_alt=none],rev-i,a_stem,a_present,True,False,False,1,1,1,1,1
469,476,it’s exploding,athahski'a,,athahskihsko'i,uthahskihsv'i,hathahski,uthahskihsti,Eventful,athahsk,[H_alt=none],rev-i,a_stem,a_present,True,False,True,1,1,1,1,1
469,476,it’s exploding,athahski'a,,athahskihsko'i,uthahskihsv'i,hathahski,uthahskihsti,Eventful,athas,[H_alt=none],rev-gi,a_stem,a_present,True,False,False,1,1,1,1,1
469,476,it’s exploding,athahski'a,,athahskihsko'i,uthahskihsv'i,hathahski,uthahskihsti,Eventful,athas,[H_alt=none],rev-gi,a_stem,a_present,True,False,True,1,1,1,1,1
469,476,it’s exploding,athahski'a,,athahskihsko'i,uthahskihsv'i,hathahski,uthahskihsti,Eventful,athask,[H_alt=none],rev-i,a_stem,a_present,True,False,False,1,1,1,1,1
469,476,it’s exploding,athahski'a,,athahskihsko'i,uthahskihsv'i,hathahski,uthahskihsti,Eventful,athask,[H_alt=none],rev-i,a_stem,a_present,True,False,True,1,1,1,1,1
472,479,he/she is kissing him/her,athaweto'vhska,tsitaweto'vhska,athaweto'vhsko'i,uthawetonv'i,hitaweto'vka,uthawetoti,Eventful,thaweto,[H_alt=drop],vsk-post-v,cons_stem,a_present,True,False,True,1,1,1,1,1
474,481,he/she is asking for it,athayohiha,tsithayohiha,athayohiho'i,uthayolhv'i,hithayoha,uthayohsti,Eventful,thayo,[H_alt=none],hih-lh,cons_stem,a_present,True,False,False,1,1,1,2,1
474,481,he/she is asking for it,athayohiha,tsithayohiha,athayohiho'i,uthayolhv'i,hithayoha,uthayohsti,Eventful,thayo,[H_alt=none],hih-lh,cons_stem,a_present,True,False,True,1,1,1,2,1
477,484,he/she is shaking him/her,athelvhvhska,tsithelvhvhska,athelvhvhsko'i,uthelvnhv'i,hithelvna,uthelhti,Eventful,thel,[H_alt=none],episodic,cons_stem,a_present,True,False,False,1,1,1,2,1
477,484,he/she is shaking him/her,athelvhvhska,tsithelvhvhska,athelvhvhsko'i,uthelvnhv'i,hithelvna,uthelhti,Eventful,thel,[H_alt=none],episodic,cons_stem,a_present,True,False,True,1,1,1,2,1
479,486,he/she is leading him/her,athinhi,tsiyathinhi,athinheko'i,uthinhvhsv'i,hiyathinhuka,uthinhvhsti,Eventful,athinh,[H_alt=none],go,a_stem,i_present,True,False,True,2,1,1,1,1
483,490,he/she is racing,athohkiya'a,kathohkiya'a,athohkiyahsko'i,uthohkiyv'i,hathohkiya,uthohkiyahsti,Eventful,athohkiy,[H_alt=none],a,a_stem,a_present,True,False,False,1,1,1,1,1
486,493,he/she is loaning it to him/her,atholhstiha,tsiyatholhstiha,atholhstihsko'i,utholhsthanv'i,hiyatholhsta,utholhstohti,Eventful,atholhst,[H_alt=none],cause,a_stem,a_present,True,False,True,1,1,1,1,1
486,493,he/she is loaning it to him/her,atholhstiha,tsiyatholhstiha,atholhstihsko'i,utholhsthanv'i,hiyatholhsta,utholhstohti,Eventful,atholst,[H_alt=none],cause,a_stem,a_present,True,False,True,1,1,1,1,1
487,494,he/she is borrowing him/her,atholhska,tsiyatholhska,atholhsko'i,utholhsv'i,hiyathola,utholhihsti,Eventful,athol,[H_alt=none],sk-s-a,a_stem,a_present,True,False,True,1,1,1,1,1
488,495,it’s flashing (refers to reflected light),athoyawhska,,athoyawhsko'i,uthoyawhsv'i,,uthoyawhsti,Eventful,athoyaw,[H_alt=none],sk-s-a,a_stem,a_present,True,False,False,1,1,1,1,2
488,495,it’s flashing (refers to reflected light),athoyawhska,,athoyawhsko'i,uthoyawhsv'i,,uthoyawhsti,Eventful,athoyaw,[H_alt=none],sk-s-a,a_stem,a_present,True,False,True,1,1,1,1,2
488,495,it’s flashing (refers to reflected light),athoyawhska,,athoyawhsko'i,uthoyawhsv'i,,uthoyawhsti,Eventful,athoyaw,[H_alt=none],sk-s-hst,a_stem,a_present,True,False,False,1,1,1,1,1
488,495,it’s flashing (refers to reflected light),athoyawhska,,athoyawhsko'i,uthoyawhsv'i,,uthoyawhsti,Eventful,athoyaw,[H_alt=none],sk-s-hst,a_stem,a_present,True,False,True,1,1,1,1,1
488,495,it’s flashing (refers to reflected light),athoyawhska,,athoyawhsko'i,uthoyawhsv'i,,uthoyawhsti,Eventful,athoyaw,[H_alt=none],sk-s-la,a_stem,a_present,True,False,False,1,1,1,1,1
488,495,it’s flashing (refers to reflected light),athoyawhska,,athoyawhsko'i,uthoyawhsv'i,,uthoyawhsti,Eventful,athoyaw,[H_alt=none],sk-s-la,a_stem,a_present,True,False,True,1,1,1,1,1
488,495,it’s flashing (refers to reflected light),athoyawhska,,athoyawhsko'i,uthoyawhsv'i,,uthoyawhsti,Eventful,thoyaw,[H_alt=none],sk-s-a,cons_stem,a_present,True,False,False,1,1,1,1,2
488,495,it’s flashing (refers to reflected light),athoyawhska,,athoyawhsko'i,uthoyawhsv'i,,uthoyawhsti,Eventful,thoyaw,[H_alt=none],sk-s-a,cons_stem,a_present,True,False,True,1,1,1,1,2
488,495,it’s flashing (refers to reflected light),athoyawhska,,athoyawhsko'i,uthoyawhsv'i,,uthoyawhsti,Eventful,thoyaw,[H_alt=none],sk-s-hst,cons_stem,a_present,True,False,False,1,1,1,1,1
488,495,it’s flashing (refers to reflected light),athoyawhska,,athoyawhsko'i,uthoyawhsv'i,,uthoyawhsti,Eventful,thoyaw,[H_alt=none],sk-s-hst,cons_stem,a_present,True,False,True,1,1,1,1,1
488,495,it’s flashing (refers to reflected light),athoyawhska,,athoyawhsko'i,uthoyawhsv'i,,uthoyawhsti,Eventful,thoyaw,[H_alt=none],sk-s-la,cons_stem,a_present,True,False,False,1,1,1,1,1
488,495,it’s flashing (refers to reflected light),athoyawhska,,athoyawhsko'i,uthoyawhsv'i,,uthoyawhsti,Eventful,thoyaw,[H_alt=none],sk-s-la,cons_stem,a_present,True,False,True,1,1,1,1,1
493,500,he/she is promising,athu'ihstiha,tsithu'ihstiha,athu'ihstihsko'i,uthu'ihsthanv'i,hithu'ihsta,uthu'ihstohti,Eventful,thu'ihst,[H_alt=none],cause,cons_stem,a_present,True,False,False,1,1,1,1,1
493,500,he/she is promising,athu'ihstiha,tsithu'ihstiha,athu'ihstihsko'i,uthu'ihsthanv'i,hithu'ihsta,uthu'ihstohti,Eventful,thu'ihst,[H_alt=none],cause,cons_stem,a_present,True,False,True,1,1,1,1,1
493,500,he/she is promising,athu'ihstiha,tsithu'ihstiha,athu'ihstihsko'i,uthu'ihsthanv'i,hithu'ihsta,uthu'ihstohti,Eventful,thu'ist,[H_alt=none],cause,cons_stem,a_present,True,False,False,1,1,1,1,1
493,500,he/she is promising,athu'ihstiha,tsithu'ihstiha,athu'ihstihsko'i,uthu'ihsthanv'i,hithu'ihsta,uthu'ihstohti,Eventful,thu'ist,[H_alt=none],cause,cons_stem,a_present,True,False,True,1,1,1,1,1
494,501,he/she is listening to him/her,athvtahstiha,tsiyathvtahstiha,athvtahstihsko'i,uthvtahsthanv'i,hiyathvtahsta,uthvtahstohti,Eventful,athvtahst,[H_alt=none],cause,a_stem,a_present,True,False,True,1,1,1,1,1
494,501,he/she is listening to him/her,athvtahstiha,tsiyathvtahstiha,athvtahstihsko'i,uthvtahsthanv'i,hiyathvtahsta,uthvtahstohti,Eventful,athvtast,[H_alt=none],cause,a_stem,a_present,True,False,True,1,1,1,1,1
495,502,he/she is asking him/her a question,athvtvhvhska,tsiyathvtvhvhska,athvtvhvhsko'i,uthvtvnhv'i,hiyathvtvhvka,uthvthti,Eventful,athvt,[H_alt=none],episodic,a_stem,a_present,True,False,True,1,1,1,1,1
495,502,he/she is asking him/her a question,athvtvhvhska,tsiyathvtvhvhska,athvtvhvhsko'i,uthvtvnhv'i,hiyathvtvhvka,uthvthti,Eventful,athvtv,[H_alt=none],hvsk-nh,a_stem,a_present,True,False,True,1,1,1,1,2
496,503,he/she hears him/her,athvki'a,tsiyathvki'a,athvkihsko'i,uthvkanv'i,hiyathvkvka,uthvkoti,Eventful,athvk,[H_alt=none],i-vka,a_stem,a_present,True,False,True,1,1,1,1,1
502,509,he/she is inside,aya'a,tsiya'a,aya'o'i,,,,StativeFutProg,y,[H_alt=none],stative-a',cons_stem,a_present,True,False,False,1,1,1,1,1
502,509,he/she is inside,aya'a,tsiya'a,aya'o'i,,,,StativeFutProg,y,[H_alt=none],stative-a',cons_stem,a_present,True,False,True,1,1,1,1,1
502,509,he/she is inside,aya'a,tsiya'a,aya'o'i,,,,StativeFutProg,ya',[H_alt=none],stative,cons_stem,a_present,True,False,False,1,1,1,1,1
502,509,he/she is inside,aya'a,tsiya'a,aya'o'i,,,,StativeFutProg,ya',[H_alt=none],stative,cons_stem,a_present,True,False,True,1,1,1,1,1
507,514,he/she is waking up,ayeka,tsiyeka,ayeko'i,uyetsv'i,hiyeki,uye'ihsti,Eventful,ye,[H_alt=none],become,cons_stem,a_present,True,False,False,1,1,1,1,2
507,514,he/she is waking up,ayeka,tsiyeka,ayeko'i,uyetsv'i,hiyeki,uye'ihsti,Eventful,ye,[H_alt=none],become,cons_stem,a_present,True,False,True,1,1,1,1,2
509,516,he/she is waking him/her up,aye'ihstiha,tsiye'ihstiha,aye'ihstihsko'i,uye'ihsthanv'i,hiye'ihsta,uye'ihstohti,Eventful,ye'ihst,[H_alt=none],cause,cons_stem,a_present,True,False,False,1,1,1,1,1
509,516,he/she is waking him/her up,aye'ihstiha,tsiye'ihstiha,aye'ihstihsko'i,uye'ihsthanv'i,hiye'ihsta,uye'ihstohti,Eventful,ye'ihst,[H_alt=none],cause,cons_stem,a_present,True,False,True,1,1,1,1,1
509,516,he/she is waking him/her up,aye'ihstiha,tsiye'ihstiha,aye'ihstihsko'i,uye'ihsthanv'i,hiye'ihsta,uye'ihstohti,Eventful,ye'ist,[H_alt=none],cause,cons_stem,a_present,True,False,False,1,1,1,1,1
509,516,he/she is waking him/her up,aye'ihstiha,tsiye'ihstiha,aye'ihstihsko'i,uye'ihsthanv'i,hiye'ihsta,uye'ihstohti,Eventful,ye'ist,[H_alt=none],cause,cons_stem,a_present,True,False,True,1,1,1,1,1
511,518,he/she is putting him/her inside (refers to somewhere large enough to move around in),ayhtiha,tsiyvtiha,ayhtihsko'i,uyhthanv'i,hiyvta,uyhtohti,Eventful,yht,[H_alt=vowel_v],cause,cons_stem,a_present,True,False,True,1,1,1,1,1
513,520,he/she is getting it (refers to a long object),ayiha,tsiyi'a,ayihsko'i,uyvhv'i,hiya,uyhti,Eventful,y,[H_alt=glot],ih-vh,cons_stem,a_present,True,False,False,1,1,1,1,1
513,520,he/she is getting it (refers to a long object),ayiha,tsiyi'a,ayihsko'i,uyvhv'i,hiya,uyhti,Eventful,y,[H_alt=glot],ih-vh,cons_stem,a_present,True,False,True,1,1,1,1,1
515,522,it’s breaking,ayoka,tsiyoka,ayoko'i,uyotsv'i,hiyoki,uyoyhsti,Eventful,yo,[H_alt=none],become,cons_stem,a_present,True,False,False,1,1,1,1,3
515,522,it’s breaking,ayoka,tsiyoka,ayoko'i,uyotsv'i,hiyoki,uyoyhsti,Eventful,yo,[H_alt=none],become,cons_stem,a_present,True,False,True,1,1,1,1,3
516,523,he/she is shooting him/her,ayohiha,tsiyo'iha,ayohiho'i,uyolhv'i,hiyo'a,uyohsti,Eventful,yo,[H_alt=glot],hih-lh,cons_stem,a_present,True,False,True,1,1,1,2,1
519,526,he/she is whittling it,ayolhvhska,tsiyolvhska,ayolhvhsko'i,uyolhanv'i,hiyolhvka,uyolhvhsti,Eventful,yol,[H_alt=drop],hvsk-han,cons_stem,a_present,True,False,False,1,1,1,1,2
519,526,he/she is whittling it,ayolhvhska,tsiyolvhska,ayolhvhsko'i,uyolhanv'i,hiyolhvka,uyolhvhsti,Eventful,yol,[H_alt=drop],hvsk-han,cons_stem,a_present,True,False,True,1,1,1,1,2
521,528,he/she is dying (refers to a human),ayohuhska,tsiyo'uhska,ayohuhsko'i,uyohuhsv'i,hiyohuhi,uyohuhihsti,Eventful,yohu,[H_alt=glot],sk-s-hi-hihst,cons_stem,a_present,True,False,False,1,1,1,1,1
521,528,he/she is dying (refers to a human),ayohuhska,tsiyo'uhska,ayohuhsko'i,uyohuhsv'i,hiyohuhi,uyohuhihsti,Eventful,yohu,[H_alt=glot],sk-s-hi-hihst,cons_stem,a_present,True,False,True,1,1,1,1,1
523,530,he/she is greeting him/her,ayoliha,tsiyoliha,ayoliho'i,uyolilv'i,hiyolika,uyolihsti,Eventful,yol,[H_alt=none],ih-il,cons_stem,a_present,True,False,False,1,1,1,1,1
523,530,he/she is greeting him/her,ayoliha,tsiyoliha,ayoliho'i,uyolilv'i,hiyolika,uyolihsti,Eventful,yol,[H_alt=none],ih-il,cons_stem,a_present,True,False,True,1,1,1,1,1
524,531,he/she is breaking it,ayohstiha,tsiyohstiha,ayohstihsko'i,uyohsthanv'i,hiyohsta,uyohstohti,Eventful,yohst,[H_alt=none],cause,cons_stem,a_present,True,False,False,1,1,1,1,1
524,531,he/she is breaking it,ayohstiha,tsiyohstiha,ayohstihsko'i,uyohsthanv'i,hiyohsta,uyohstohti,Eventful,yohst,[H_alt=none],cause,cons_stem,a_present,True,False,True,1,1,1,1,1
524,531,he/she is breaking it,ayohstiha,tsiyohstiha,ayohstihsko'i,uyohsthanv'i,hiyohsta,uyohstohti,Eventful,yost,[H_alt=none],cause,cons_stem,a_present,True,False,False,1,1,1,1,1
524,531,he/she is breaking it,ayohstiha,tsiyohstiha,ayohstihsko'i,uyohsthanv'i,hiyohsta,uyohstohti,Eventful,yost,[H_alt=none],cause,cons_stem,a_present,True,False,True,1,1,1,1,1
526,533,he/she is destroying it,ayohsthanohvhska,tsiyohsthanohvhska,ayohsthanohvhsko'i,uyohsthanonhv'i,hiyohsthanonha,uyohsthanohvhsti,Eventful,yohsthan,[H_alt=none],terminative,cons_stem,a_present,True,False,False,1,1,1,1,1
526,533,he/she is destroying it,ayohsthanohvhska,tsiyohsthanohvhska,ayohsthanohvhsko'i,uyohsthanonhv'i,hiyohsthanonha,uyohsthanohvhsti,Eventful,yohsthan,[H_alt=none],terminative,cons_stem,a_present,True,False,True,1,1,1,1,1
526,533,he/she is destroying it,ayohsthanohvhska,tsiyohsthanohvhska,ayohsthanohvhsko'i,uyohsthanonhv'i,hiyohsthanonha,uyohsthanohvhsti,Eventful,yohsthano,[H_alt=none],terminative-no-o,cons_stem,a_present,True,False,False,1,1,1,1,1
526,533,he/she is destroying it,ayohsthanohvhska,tsiyohsthanohvhska,ayohsthanohvhsko'i,uyohsthanonhv'i,hiyohsthanonha,uyohsthanohvhsti,Eventful,yohsthano,[H_alt=none],terminative-no-o,cons_stem,a_present,True,False,True,1,1,1,1,1
526,533,he/she is destroying it,ayohsthanohvhska,tsiyohsthanohvhska,ayohsthanohvhsko'i,uyohsthanonhv'i,hiyohsthanonha,uyohsthanohvhsti,Eventful,yosthan,[H_alt=none],terminative,cons_stem,a_present,True,False,False,1,1,1,1,1
526,533,he/she is destroying it,ayohsthanohvhska,tsiyohsthanohvhska,ayohsthanohvhsko'i,uyohsthanonhv'i,hiyohsthanonha,uyohsthanohvhsti,Eventful,yosthan,[H_alt=none],terminative,cons_stem,a_present,True,False,True,1,1,1,1,1
526,533,he/she is destroying it,ayohsthanohvhska,tsiyohsthanohvhska,ayohsthanohvhsko'i,uyohsthanonhv'i,hiyohsthanonha,uyohsthanohvhsti,Eventful,yosthano,[H_alt=none],terminative-no-o,cons_stem,a_present,True,False,False,1,1,1,1,1
526,533,he/she is destroying it,ayohsthanohvhska,tsiyohsthanohvhska,ayohsthanohvhsko'i,uyohsthanonhv'i,hiyohsthanonha,uyohsthanohvhsti,Eventful,yosthano,[H_alt=none],terminative-no-o,cons_stem,a_present,True,False,True,1,1,1,1,1
529,536,he/she is entering it,ayvhiha,tsiyv'iha,ayvhiho'i,uyvlhv'i,hiyvha,uyvhsti,Eventful,yv,[H_alt=glot],hih-lh,cons_stem,a_present,True,False,False,1,1,1,2,1
529,536,he/she is entering it,ayvhiha,tsiyv'iha,ayvhiho'i,uyvlhv'i,hiyvha,uyvhsti,Eventful,yv,[H_alt=glot],hih-lh,cons_stem,a_present,True,False,True,1,1,1,2,1
530,537,he/she is finding it (refers to a long object),ayvwhahthiha,tsiyvwahthiha,ayvwhahthihsko'i,uyvwhahthvhv'i,hiyvwhahtha,uyvwhahthvhti,Eventful,yvwhahth,[H_alt=drop],ih-vh,cons_stem,a_present,True,False,False,1,1,1,1,2
530,537,he/she is finding it (refers to a long object),ayvwhahthiha,tsiyvwahthiha,ayvwhahthihsko'i,uyvwhahthvhv'i,hiyvwhahtha,uyvwhahthvhti,Eventful,yvwhahth,[H_alt=drop],ih-vh,cons_stem,a_present,True,False,True,1,1,1,1,2
531,538,he/she is taking it somewhere (refers to a long object),ayvwhitiha,tsiyvwitiha,ayvwhitihsko'i,uyvwhitvhv'i,hiyvwhita,uyvwhithti,Eventful,yvwhit,[H_alt=drop],ih-vh,cons_stem,a_present,True,False,False,1,1,1,1,1
531,538,he/she is taking it somewhere (refers to a long object),ayvwhitiha,tsiyvwitiha,ayvwhitihsko'i,uyvwhitvhv'i,hiyvwhita,uyvwhithti,Eventful,yvwhit,[H_alt=drop],ih-vh,cons_stem,a_present,True,False,True,1,1,1,1,1
539,549,he/she is making an X,tatanhawhstiha,tekatanawhstiha,tatanhawhstihsko'i,tutanhawhsthanv'i,thatanhawhsta,tsutanhawhstohti,Eventful,atanhawhst,[H_alt=drop],cause,a_stem,a_present,True,False,False,1,1,1,1,1
539,549,he/she is making an X,tatanhawhstiha,tekatanawhstiha,tatanhawhstihsko'i,tutanhawhsthanv'i,thatanhawhsta,tsutanhawhstohti,Eventful,atanhawst,[H_alt=drop],cause,a_stem,a_present,True,False,False,1,1,1,1,1
541,551,he/she is conjuring,tatanhehse'a,tekatanehse'a,tatanhehsehsko'i,tutanhehsa'v'i,thatanhehsaka,tsutanhehsehsti,Eventful,atanhehs,[H_alt=drop],e-aka,a_stem,a_present,True,False,False,1,1,1,1,1
541,551,he/she is conjuring,tatanhehse'a,tekatanehse'a,tatanhehsehsko'i,tutanhehsa'v'i,thatanhehsaka,tsutanhehsehsti,Eventful,atanhes,[H_alt=drop],e-aka,a_stem,a_present,True,False,False,1,1,1,1,1
542,552,he/she is accepting him/her,tatanilvka,tetsiyatanilvka,tatanilvko'i,tutanilvtsv'i,thiyatanilvki,tsutanilvhsti,Eventful,atanilv,[H_alt=none],become,a_stem,a_present,True,False,True,1,1,1,1,1
543,553,he/she is dodging,tatanvtihstiha,tekatanvtihstiha,tatanvtihstihsko'i,tutanvtihsthanv'i,thatanvtihsta,tsutanvtihstohti,Eventful,atanvtihst,[H_alt=none],cause,a_stem,a_present,True,False,False,1,1,1,1,1
543,553,he/she is dodging,tatanvtihstiha,tekatanvtihstiha,tatanvtihstihsko'i,tutanvtihsthanv'i,thatanvtihsta,tsutanvtihstohti,Eventful,atanvtist,[H_alt=none],cause,a_stem,a_present,True,False,False,1,1,1,1,1
544,554,he/she is performing baptism,tatawo'a,tekatawo'a,tatawohsko'i,tutawo'v'i,thatawotsa,tsutawohsti,Eventful,ataw,[H_alt=none],o,a_stem,a_present,True,False,False,1,1,1,1,1
545,555,he/she is giving up,tatayohska,tekatayohska,tatayohsko'i,tutayohsv'i,thatayohi,tsutayohihsti,Eventful,atayo,[H_alt=none],sk-s-hi-hihst,a_stem,a_present,True,False,False,1,1,1,1,1
547,557,he/she is weeping,tatloyhiha,tekatloyiha,tatloyhiho'i,tutloyhilv'i,thatloyhka,tsutloyhsti,Eventful,atloy,[H_alt=drop],hih-hil,a_stem,a_present,True,False,False,1,1,1,1,1
550,560,he/she is setting a price,takvwalhtiha,tetsikvwalotiha,takvwalhtihsko'i,tukvwalhthanv'i,thikvwalhta,tsukvwalhtohti,Eventful,kvwalht,[H_alt=vowel_o],cause,cons_stem,a_present,True,False,False,1,1,1,1,1
550,560,he/she is setting a price,takvwalhtiha,tetsikvwalotiha,takvwalhtihsko'i,tukvwalhthanv'i,thikvwalhta,tsukvwalhtohti,Eventful,kvwalht,[H_alt=vowel_o],cause,cons_stem,a_present,True,False,True,1,1,1,1,1
552,562,he/she is rocking,talhihkeha,tekalihkeha,talhihkehsko'i,tulhihkehv'i,thalhihkvla,tsulhihkehti,Eventful,alhihk,[H_alt=drop],apl-active,a_stem,a_present,True,False,False,1,1,1,1,1
553,563,he/she is drawing a picture of him/her,talhilohstiha,tetsiyatlilohstiha,talhilohstihsko'i,tulhilohsthanv'i,thiyatlilohsta,tsulhilohstohti,Eventful,alhilohst,[H_alt=lat],cause,a_stem,a_present,True,False,True,1,1,1,1,1
553,563,he/she is drawing a picture of him/her,talhilohstiha,tetsiyatlilohstiha,talhilohstihsko'i,tulhilohsthanv'i,thiyatlilohsta,tsulhilohstohti,Eventful,alhilost,[H_alt=lat],cause,a_stem,a_present,True,False,True,1,1,1,1,1
554,564,he/she is conversing,talhinoheha,tekalinoheha,talhinohehsko'i,tulhinohelhv'i,thalhinohvla,tsulhinohehti,Eventful,alhino,[H_alt=drop],apl-active-h,a_stem,a_present,True,False,False,1,1,1,1,1
554,564,he/she is conversing,talhinoheha,tekalinoheha,talhinohehsko'i,tulhinohelhv'i,thalhinohvla,tsulhinohehti,Eventful,alhinoh,[H_alt=drop],apl-active-',a_stem,a_present,True,False,False,1,1,1,1,1
555,565,he/she is jumping,talhthateka,tekalithateka,talhthateko'i,tulhthatinvhsv'i,thalhthatuka,tsulhthatinvti,Eventful,alhthat,[H_alt=vowel_i],go-in,a_stem,a_present,True,False,False,1,1,1,1,1
561,571,he/she is putting fuel into a fire (refers to solid fuel),tahvthvhska,tetsi'vthvhska,tahvthvhsko'i,tuhvthanv'i,thihvthvka,tsuhvthti,Eventful,hvt,[H_alt=glot],hvsk-han,cons_stem,a_present,True,False,False,1,1,1,1,1
561,571,he/she is putting fuel into a fire (refers to solid fuel),tahvthvhska,tetsi'vthvhska,tahvthvhsko'i,tuhvthanv'i,thihvthvka,tsuhvthti,Eventful,hvt,[H_alt=glot],hvsk-han,cons_stem,a_present,True,False,True,1,1,1,1,1
562,572,he/she is tickling him/her,tayhvki'a,tetsiyvki'a,tayhvkihsko'i,tuyhvkv'i,thiyvka,tsuyhvkihsti,Eventful,yhvk,[H_alt=drop],i-a-i,cons_stem,a_present,True,False,True,1,1,1,1,1
565,575,he/she is tying it,takhanehiha,tetsikanehiha,takhanehiho'i,tukhanelhv'i,thikhaneka,tsukhanehsti,Eventful,khane,[H_alt=drop],hih-lh,cons_stem,a_present,True,False,False,1,1,1,1,1
565,575,he/she is tying it,takhanehiha,tetsikanehiha,takhanehiho'i,tukhanelhv'i,thikhaneka,tsukhanehsti,Eventful,khane,[H_alt=drop],hih-lh,cons_stem,a_present,True,False,True,1,1,1,1,1
566,576,he/she is untying it,takhaneyhiha,tetsikaneyhiha,takhaneyhihsko'i,tukhaneyhvhv'i,thikhaneyha,tsukhaneyhvhti,Eventful,khaneyh,[H_alt=drop],ih-vh,cons_stem,a_present,True,False,False,1,1,1,1,2
566,576,he/she is untying it,takhaneyhiha,tetsikaneyhiha,takhaneyhihsko'i,tukhaneyhvhv'i,thikhaneyha,tsukhaneyhvhti,Eventful,khaneyh,[H_alt=drop],ih-vh,cons_stem,a_present,True,False,True,1,1,1,1,2
567,577,he/she is looking after him/her,takhanowatitoha,tetsikanowatitoha,takhanowatitoho'i,tukhanowatitolv'i,thikanowatita,tsukhanowatitahsti,Eventful,khanowatit,[H_alt=drop],be-at,cons_stem,a_present,True,False,True,1,1,1,1,1
571,581,he/she is making smoke,takhsvhstiha,tetsikahsvhstiha,takhsvhstihsko'i,tukhsvhsthanv'i,thikhsvhsta,tsukhsvhstohti,Eventful,khsvhst,[H_alt=vowel_a],cause,cons_stem,a_present,True,False,False,1,1,1,1,1
571,581,he/she is making smoke,takhsvhstiha,tetsikahsvhstiha,takhsvhstihsko'i,tukhsvhsthanv'i,thikhsvhsta,tsukhsvhstohti,Eventful,khsvhst,[H_alt=vowel_a],cause,cons_stem,a_present,True,False,True,1,1,1,1,1
571,581,he/she is making smoke,takhsvhstiha,tetsikahsvhstiha,takhsvhstihsko'i,tukhsvhsthanv'i,thikhsvhsta,tsukhsvhstohti,Eventful,khsvst,[H_alt=vowel_a],cause,cons_stem,a_present,True,False,False,1,1,1,1,1
571,581,he/she is making smoke,takhsvhstiha,tetsikahsvhstiha,takhsvhstihsko'i,tukhsvhsthanv'i,thikhsvhsta,tsukhsvhstohti,Eventful,khsvst,[H_alt=vowel_a],cause,cons_stem,a_present,True,False,True,1,1,1,1,1
573,583,he/she is closing his eyes,takhthahstiha,tekakathahstiha,takhthahstihsko'i,tukhthahsthanv'i,thakhthahsta,tsukhthahstohti,Eventful,akhthahst,[H_alt=vowel_a],cause,a_stem,a_present,True,False,False,1,1,1,1,1
573,583,he/she is closing his eyes,takhthahstiha,tekakathahstiha,takhthahstihsko'i,tukhthahsthanv'i,thakhthahsta,tsukhthahstohti,Eventful,akhthast,[H_alt=vowel_a],cause,a_stem,a_present,True,False,False,1,1,1,1,1
574,584,he/she is attacking him/her,takhthileka,tetsikathileka,takhthileko'i,tukhthilvhsv'i,thikathiluka,tsukhthilvhsti,Eventful,khthil,[H_alt=vowel_a],go,cons_stem,a_present,True,False,True,1,1,1,1,1
575,585,he/she is taking off his/her glasses,takhthinvte'a,tekakathinvte'a,takhthinvtehsko'i,tukhthinvtehsv'i,thakhthinvtaki,tsukhthinvtehsti,Eventful,akhthinvt,[H_alt=vowel_a],rev-e,a_stem,a_present,True,False,False,1,1,1,1,1
576,586,he/she is putting on glasses,takhthinvthvhska,tekakathinvthvhska,takhthinvthvhsko'i,tukhthinvthanv'i,thakhthinvthvka,tsukhthinvthti,Eventful,akhthinvt,[H_alt=vowel_a],hvsk-han,a_stem,a_present,True,False,False,1,1,1,1,1
577,587,he/she is shelling corn,takhtlhiha,tetsikatlhiha,takhtlhihsko'i,tukhtlhvhv'i,thikhtlha,tsukhtlhvhti,Eventful,khtlh,[H_alt=vowel_a],ih-vh,cons_stem,a_present,True,False,False,1,1,1,1,2
577,587,he/she is shelling corn,takhtlhiha,tetsikatlhiha,takhtlhihsko'i,tukhtlhvhv'i,thikhtlha,tsukhtlhvhti,Eventful,khtlh,[H_alt=vowel_a],ih-vh,cons_stem,a_present,True,False,True,1,1,1,1,2
578,588,he/she is snoring,takwhalaki'a,tetsikwhalaki'a,takwhalakihsko'i,tukwhalakihsv'i,thikwhalaki,tsukwhalakihsti,Eventful,kwhala,[H_alt=none],rev-gi,cons_stem,a_present,True,False,False,1,1,1,1,1
578,588,he/she is snoring,takwhalaki'a,tetsikwhalaki'a,takwhalakihsko'i,tukwhalakihsv'i,thikwhalaki,tsukwhalakihsti,Eventful,kwhala,[H_alt=none],rev-gi,cons_stem,a_present,True,False,True,1,1,1,1,1
578,588,he/she is snoring,takwhalaki'a,tetsikwhalaki'a,takwhalakihsko'i,tukwhalakihsv'i,thikwhalaki,tsukwhalakihsti,Eventful,kwhalak,[H_alt=none],rev-i,cons_stem,a_present,True,False,False,1,1,1,1,1
578,588,he/she is snoring,takwhalaki'a,tetsikwhalaki'a,takwhalakihsko'i,tukwhalakihsv'i,thikwhalaki,tsukwhalakihsti,Eventful,kwhalak,[H_alt=none],rev-i,cons_stem,a_present,True,False,True,1,1,1,1,1
582,592,he/she is putting on shoes,talahsulhvhska,tekalahsulhvhska,talahsulhvhsko'i,tulahsulhanv'i,thalahsulhvka,tsulahsulhti,Eventful,alahsul,[H_alt=none],hvsk-han,a_stem,a_present,True,False,False,1,1,1,1,1
582,592,he/she is putting on shoes,talahsulhvhska,tekalahsulhvhska,talahsulhvhsko'i,tulahsulhanv'i,thalahsulhvka,tsulahsulhti,Eventful,alasul,[H_alt=none],hvsk-han,a_stem,a_present,True,False,False,1,1,1,1,1
583,593,he/she is changing shoes,talahsula'iyv'a,tekalahsula'iyv'a,talahsula'iyvhsko'i,tulahsula'iyvhsv'i,thalahsula'iyvna,tsulahsula'iyvhsti,Eventful,alahsula'iy,[H_alt=none],v-vhs,a_stem,a_present,True,False,False,1,1,1,1,1
583,593,he/she is changing shoes,talahsula'iyv'a,tekalahsula'iyv'a,talahsula'iyvhsko'i,tulahsula'iyvhsv'i,thalahsula'iyvna,tsulahsula'iyvhsti,Eventful,alasula'iy,[H_alt=none],v-vhs,a_stem,a_present,True,False,False,1,1,1,1,1
584,594,he/she is taking off his/her shoes,talahsule'a,tekalahsule'a,talahsulehsko'i,tulahsulehsv'i,thalahsulaki,tsulahsulehsti,Eventful,alahsul,[H_alt=none],rev-e,a_stem,a_present,True,False,False,1,1,1,1,1
584,594,he/she is taking off his/her shoes,talahsule'a,tekalahsule'a,talahsulehsko'i,tulahsulehsv'i,thalahsulaki,tsulahsulehsti,Eventful,alasul,[H_alt=none],rev-e,a_stem,a_present,True,False,False,1,1,1,1,1
586,596,he/she is recuperating,talehihsiha,tekale'ihsiha,talehihsihsko'i,tulehihsanhv'i,thalehihsa,tsulehihsohti,Eventful,alehihs,[H_alt=glot],cause,a_stem,a_present,True,False,False,1,1,2,1,1
586,596,he/she is recuperating,talehihsiha,tekale'ihsiha,talehihsihsko'i,tulehihsanhv'i,thalehihsa,tsulehihsohti,Eventful,alehis,[H_alt=glot],cause,a_stem,a_present,True,False,False,1,1,2,1,1
587,597,he/she is getting up (from sitting or from involuntarily assumed prone position),talehvhska,tekale'vhska,talehvhsko'i,tulenhv'i,thalehvka,tsulehti,Eventful,ale,[H_alt=glot],hvsk-nh,a_stem,a_present,True,False,False,1,1,1,1,1
589,599,he/she is taking off his/her gloves,taliyehsule'a,tekaliyehsule'a,taliyehsulehsko'i,tuliyehsulehsv'i,thaliyehsulaki,tsuliyehsulehsti,Eventful,aliyehsul,[H_alt=none],rev-e,a_stem,a_present,True,False,False,1,1,1,1,1
589,599,he/she is taking off his/her gloves,taliyehsule'a,tekaliyehsule'a,taliyehsulehsko'i,tuliyehsulehsv'i,thaliyehsulaki,tsuliyehsulehsti,Eventful,aliyesul,[H_alt=none],rev-e,a_stem,a_present,True,False,False,1,1,1,1,1
590,600,he/she is putting on his/her gloves,taliyehsuli'a,tekaliyehsuli'a,taliyehsulihsko'i,tuliyehsulanv'i,thaliyehsulvka,tsuliyehsuloti,Eventful,aliyehsul,[H_alt=none],i-vka,a_stem,a_present,True,False,False,1,1,1,1,1
590,600,he/she is putting on his/her gloves,taliyehsuli'a,tekaliyehsuli'a,taliyehsulihsko'i,tuliyehsulanv'i,thaliyehsulvka,tsuliyehsuloti,Eventful,aliyesul,[H_alt=none],i-vka,a_stem,a_present,True,False,False,1,1,1,1,1
591,601,he/she is taking off his/her socks,taliyoki'a,tekaliyoki'a,taliyokihsko'i,tuliyokihsv'i,thaliyoki,tsuliyokihsti,Eventful,aliyo,[H_alt=none],rev-gi,a_stem,a_present,True,False,False,1,1,1,1,1
591,601,he/she is taking off his/her socks,taliyoki'a,tekaliyoki'a,taliyokihsko'i,tuliyokihsv'i,thaliyoki,tsuliyokihsti,Eventful,aliyok,[H_alt=none],rev-i,a_stem,a_present,True,False,False,1,1,1,1,1
592,602,he/she is putting on his/her socks,taliyohiha,tekaliyo'iha,taliyohiho'i,tuliyolhv'i,thaliyoka,tsuliyohsti,Eventful,aliyo,[H_alt=glot],hih-lh,a_stem,a_present,True,False,False,1,1,1,1,1
593,603,he/she is changing his/her socks,taliyohsiha,tekaliyohsiha,taliyohsiho'i,tuliyohsvhv'i,thaliyohsa,tsuliyohsvhti,Eventful,aliyohs,[H_alt=none],ih-vh,a_stem,a_present,True,False,False,1,2,1,1,2
593,603,he/she is changing his/her socks,taliyohsiha,tekaliyohsiha,taliyohsiho'i,tuliyohsvhv'i,thaliyohsa,tsuliyohsvhti,Eventful,aliyos,[H_alt=none],ih-vh,a_stem,a_present,True,False,False,1,2,1,1,2
594,604,he/she is aiming at him/her,talhsohstiha,tetsiyalihsohstiha,talhsohstihsko'i,tulhsohsthanv'i,thiyalihsohsta,tsulhsohstohti,Eventful,alhsohst,[H_alt=vowel_i],cause,a_stem,a_present,True,False,True,1,1,1,1,1
594,604,he/she is aiming at him/her,talhsohstiha,tetsiyalihsohstiha,talhsohstihsko'i,tulhsohsthanv'i,thiyalihsohsta,tsulhsohstohti,Eventful,alhsost,[H_alt=vowel_i],cause,a_stem,a_present,True,False,True,1,1,1,1,1
596,606,they are having a trial,tanatahi'litoha,totsatahi'litoha,tanatahi'litoho'i,tunatahi'litolv'i,titsatahi'lita,tsunatahi'litahsti,Eventful,atahi'lit,[H_alt=none],be-at,a_stem,a_present,True,True,False,1,1,1,1,1
596,606,they are having a trial,tanatahi'litoha,totsatahi'litoha,tanatahi'litoho'i,tunatahi'litolv'i,titsatahi'lita,tsunatahi'litahsti,Eventful,atahi'lit,[H_alt=none],be-at,a_stem,a_present,True,True,False,1,1,1,1,1
597,607,they are meeting,tanatlohska,totsatlohska,tanatlohsko'i,tunatlohsv'i,titsatlohi,tsunatlohihsti,Eventful,atlo,[H_alt=none],sk-s-hi-hihst,a_stem,a_present,True,True,False,1,1,1,1,1
597,607,they are meeting,tanatlohska,totsatlohska,tanatlohsko'i,tunatlohsv'i,titsatlohi,tsunatlohihsti,Eventful,atlo,[H_alt=none],sk-s-hi-hihst,a_stem,a_present,True,True,False,1,1,1,1,1
598,608,they are separating,tanakaleniha,tohstakaleniha,tanakalenihsko'i,tunakalenvhv'i,tihstakalena,tsunakalenhti,Eventful,akalen,[H_alt=none],ih-vh,a_stem,a_present,True,True,False,1,1,1,1,1
598,608,they are separating,tanakaleniha,tohstakaleniha,tanakalenihsko'i,tunakalenvhv'i,tihstakalena,tsunakalenhti,Eventful,akalen,[H_alt=none],ih-vh,a_stem,a_present,True,True,False,1,1,1,1,1
599,609,he/she is playing with him/her,tanelhtiha,tetsiyanelhtiha,tanelhtihsko'i,tunelhthanv'i,thiyanelhta,tsunelhtohti,Eventful,anelht,[H_alt=none],cause,a_stem,a_present,True,False,True,1,1,1,1,1
600,610,he/she is playing,tanelohvhska,tekanelohvhska,tanelohvhsko'i,tunelonhv'i,thanelohvka,tsunelhti,Eventful,anelo,[H_alt=none],hvsk-nh,a_stem,a_present,True,False,False,1,1,1,1,2
601,611,they’re having church services,tanilawika,totsilawika,tanilawiko'i,tunilawitsv'i,titsilawiki,tsunilawihsti,Eventful,lawi,[H_alt=none],become,long_stem,a_present,True,True,False,1,1,1,1,1
601,611,they’re having church services,tanilawika,totsilawika,tanilawiko'i,tunilawitsv'i,titsilawiki,tsunilawihsti,Eventful,lawi,[H_alt=none],become,long_stem,a_present,True,True,False,1,1,1,1,1
601,611,they’re having church services,tanilawika,totsilawika,tanilawiko'i,tunilawitsv'i,titsilawiki,tsunilawihsti,Eventful,lawi,[H_alt=none],become,r_stem,a_present,True,True,False,1,1,1,1,1
601,611,they’re having church services,tanilawika,totsilawika,tanilawiko'i,tunilawitsv'i,titsilawiki,tsunilawihsti,Eventful,lawi,[H_alt=none],become,r_stem,a_present,True,True,False,1,1,1,1,1
603,613,they are adjourning,taniyelihska,totsiyelihska,taniyelihsko'i,tuniyelihsv'i,titsiyelihi,tsuniyelihihsti,Eventful,yeli,[H_alt=none],sk-s-hi-hihst,cons_stem,a_present,True,True,False,1,1,1,1,1
603,613,they are adjourning,taniyelihska,totsiyelihska,taniyelihsko'i,tuniyelihsv'i,titsiyelihi,tsuniyelihihsti,Eventful,yeli,[H_alt=none],sk-s-hi-hihst,cons_stem,a_present,True,True,False,1,1,1,1,1
603,613,they are adjourning,taniyelihska,totsiyelihska,taniyelihsko'i,tuniyelihsv'i,titsiyelihi,tsuniyelihihsti,Eventful,yeli,[H_alt=none],sk-s-hi-hihst,long_stem,a_present,True,True,False,1,1,1,1,1
603,613,they are adjourning,taniyelihska,totsiyelihska,taniyelihsko'i,tuniyelihsv'i,titsiyelihi,tsuniyelihihsti,Eventful,yeli,[H_alt=none],sk-s-hi-hihst,long_stem,a_present,True,True,False,1,1,1,1,1
603,613,they are adjourning,taniyelihska,totsiyelihska,taniyelihsko'i,tuniyelihsv'i,titsiyelihi,tsuniyelihihsti,Eventful,yeli,[H_alt=none],sk-s-hi-hihst,r_stem,a_present,True,True,False,1,1,1,1,1
603,613,they are adjourning,taniyelihska,totsiyelihska,taniyelihsko'i,tuniyelihsv'i,titsiyelihi,tsuniyelihihsti,Eventful,yeli,[H_alt=none],sk-s-hi-hihst,r_stem,a_present,True,True,False,1,1,1,1,1
604,614,he/she is shooting at him/her,tahstayohiha,tetsihstayohiha,tahstayohiho'i,tuhstayolhv'i,thihstayoha,tsuhstayohsti,Eventful,hstayo,[H_alt=none],hih-lh,cons_stem,a_present,True,False,False,1,1,1,2,1
604,614,he/she is shooting at him/her,tahstayohiha,tetsihstayohiha,tahstayohiho'i,tuhstayolhv'i,thihstayoha,tsuhstayohsti,Eventful,hstayo,[H_alt=none],hih-lh,cons_stem,a_present,True,False,True,1,1,1,2,1
605,615,he/she is splitting it,tahstluhska,tetsihstluhska,tahstluhsko'i,tuhstluyhv'i,thihstluyha,tsuhstluhsti,Eventful,hstlu,[H_alt=none],sk-h-yh,cons_stem,a_present,True,False,False,1,1,1,1,1
605,615,he/she is splitting it,tahstluhska,tetsihstluhska,tahstluhsko'i,tuhstluyhv'i,thihstluyha,tsuhstluhsti,Eventful,hstlu,[H_alt=none],sk-h-yh,cons_stem,a_present,True,False,True,1,1,1,1,1
606,616,he/she is sprinkling it (with liquid),tahstutli'a,tetsihstutli'a,tahstutlihsko'i,tuhstutlv'i,thihstutla,tsuhstutlihsti,Eventful,hstutl,[H_alt=none],i-a-i,cons_stem,a_present,True,False,False,1,1,1,1,1
606,616,he/she is sprinkling it (with liquid),tahstutli'a,tetsihstutli'a,tahstutlihsko'i,tuhstutlv'i,thihstutla,tsuhstutlihsti,Eventful,hstutl,[H_alt=none],i-a-i,cons_stem,a_present,True,False,True,1,1,1,1,1
607,617,he/she is counting it,tahsehiha,tekahsehiha,tahsehiho'i,tuhselhv'i,thahseka,tsuhsehsti,Eventful,ahse,[H_alt=none],hih-lh,a_stem,a_present,True,False,False,1,1,1,1,1
607,617,he/she is counting it,tahsehiha,tekahsehiha,tahsehiho'i,tuhselhv'i,thahseka,tsuhsehsti,Eventful,ase,[H_alt=none],hih-lh,a_stem,a_present,True,False,False,1,1,1,1,1
608,618,he/she is cursing him/her,tahskinati'a,tetsihskinati'a,tahskinatihsko'i,tuhskinatv'i,thihskinata,tsuhskinatihsti,Eventful,hskinat,[H_alt=none],i-a-i,cons_stem,a_present,True,False,False,1,1,1,1,1
608,618,he/she is cursing him/her,tahskinati'a,tetsihskinati'a,tahskinatihsko'i,tuhskinatv'i,thihskinata,tsuhskinatihsti,Eventful,hskinat,[H_alt=none],i-a-i,cons_stem,a_present,True,False,True,1,1,1,1,1
609,619,he/she is clapping his/her hands,tahsihthvniha,tekahsihthvniha,tahsihthvniho'i,tuhsihthvnilv'i,thahsihthvnika,tsuhsihthvnihsti,Eventful,ahsihthvn,[H_alt=none],ih-il,a_stem,a_present,True,False,False,1,1,1,1,1
609,619,he/she is clapping his/her hands,tahsihthvniha,tekahsihthvniha,tahsihthvniho'i,tuhsihthvnilv'i,thahsihthvnika,tsuhsihthvnihsti,Eventful,asihthvn,[H_alt=none],ih-il,a_stem,a_present,True,False,False,1,1,1,1,1
610,620,he/she is getting exhausted,tahsthayehska,tekahsthayehska,tahsthayehsko'i,tuhsthayehsv'i,thahsthayehi,tsuhsthayehihsti,Eventful,ahsthaye,[H_alt=none],sk-s-hi-hihst,a_stem,a_present,True,False,False,1,1,1,1,1
610,620,he/she is getting exhausted,tahsthayehska,tekahsthayehska,tahsthayehsko'i,tuhsthayehsv'i,thahsthayehi,tsuhsthayehihsti,Eventful,asthaye,[H_alt=none],sk-s-hi-hihst,a_stem,a_present,True,False,False,1,1,1,1,1
611,621,it’s barking,tahsuwhihska,tekahsuwhihska,tahsuwhihsko'i,tuhsuwhihsv'i,thahsuwha,tsuhsuwhihsti,Eventful,ahsuwh,[H_alt=none],i-a-ihsk,a_stem,a_present,True,False,False,1,1,1,1,1
611,621,it’s barking,tahsuwhihska,tekahsuwhihska,tahsuwhihsko'i,tuhsuwhihsv'i,thahsuwha,tsuhsuwhihsti,Eventful,asuwh,[H_alt=none],i-a-ihsk,a_stem,a_present,True,False,False,1,1,1,1,1
612,622,he/she is scheduling a time,tahsvhstiha,tetsihsvhstiha,tahsvhstihsko'i,tuhsvhsthanv'i,thihsvhsta,tsuhsvhstohti,Eventful,hsvhst,[H_alt=none],cause,cons_stem,a_present,True,False,False,1,1,1,1,1
612,622,he/she is scheduling a time,tahsvhstiha,tetsihsvhstiha,tahsvhstihsko'i,tuhsvhsthanv'i,thihsvhsta,tsuhsvhstohti,Eventful,hsvhst,[H_alt=none],cause,cons_stem,a_present,True,False,True,1,1,1,1,1
612,622,he/she is scheduling a time,tahsvhstiha,tetsihsvhstiha,tahsvhstihsko'i,tuhsvhsthanv'i,thihsvhsta,tsuhsvhstohti,Eventful,hsvst,[H_alt=none],cause,cons_stem,a_present,True,False,False,1,1,1,1,1
612,622,he/she is scheduling a time,tahsvhstiha,tetsihsvhstiha,tahsvhstihsko'i,tuhsvhsthanv'i,thihsvhsta,tsuhsvhstohti,Eventful,hsvst,[H_alt=none],cause,cons_stem,a_present,True,False,True,1,1,1,1,1
618,628,he/she is releasing him/her,tayohska,tetsiyohska,tayohsko'i,tuyohsv'i,thiyohi,tsuyohihsti,Eventful,yo,[H_alt=none],sk-s-hi-hihst,cons_stem,a_present,True,False,False,1,1,1,1,1
618,628,he/she is releasing him/her,tayohska,tetsiyohska,tayohsko'i,tuyohsv'i,thiyohi,tsuyohihsti,Eventful,yo,[H_alt=none],sk-s-hi-hihst,cons_stem,a_present,True,False,True,1,1,1,1,1
620,631,he/she is slamming him/her,tekalvtvnihstiha,tetsilvtvnihstiha,tekalvtvnihstihsko'i,tulvtvnihsthanv'i,thilvtvnihsta,tsulvtvnihstohti,Eventful,lvtvnihst,[H_alt=none],cause,r_stem,a_present,True,False,False,1,1,1,1,1
620,631,he/she is slamming him/her,tekalvtvnihstiha,tetsilvtvnihstiha,tekalvtvnihstihsko'i,tulvtvnihsthanv'i,thilvtvnihsta,tsulvtvnihstohti,Eventful,lvtvnihst,[H_alt=none],cause,r_stem,a_present,True,False,True,1,1,1,1,1
620,631,he/she is slamming him/her,tekalvtvnihstiha,tetsilvtvnihstiha,tekalvtvnihstihsko'i,tulvtvnihsthanv'i,thilvtvnihsta,tsulvtvnihstohti,Eventful,lvtvnist,[H_alt=none],cause,r_stem,a_present,True,False,False,1,1,1,1,1
620,631,he/she is slamming him/her,tekalvtvnihstiha,tetsilvtvnihstiha,tekalvtvnihstihsko'i,tulvtvnihsthanv'i,thilvtvnihsta,tsulvtvnihstohti,Eventful,lvtvnist,[H_alt=none],cause,r_stem,a_present,True,False,True,1,1,1,1,1
621,632,he/she is crossing (refers to a road‚ bridge‚ etc.),tekanatiwhska,tetsinatiwhska,tekanatiwhsko'i,tunatiwhsv'i,thinatiwhi,tsunatiwhihsti,Eventful,natiw,[H_alt=drop],sk-s-hi-hihst,r_stem,a_present,True,False,False,1,1,1,1,1
621,632,he/she is crossing (refers to a road‚ bridge‚ etc.),tekanatiwhska,tetsinatiwhska,tekanatiwhsko'i,tunatiwhsv'i,thinatiwhi,tsunatiwhihsti,Eventful,natiw,[H_alt=drop],sk-s-hi-hihst,r_stem,a_present,True,False,True,1,1,1,1,1
622,633,he/she is advertising it,tekanotsalhvhska,tetsinotsa'lvhska,tekanotsalhvhsko'i,tunotsalhanv'i,thinotsalhvka,tsunotsalhti,Eventful,notsal,[H_alt=glot],hvsk-han,r_stem,a_present,True,False,False,1,1,1,1,1
622,633,he/she is advertising it,tekanotsalhvhska,tetsinotsa'lvhska,tekanotsalhvhsko'i,tunotsalhanv'i,thinotsalhvka,tsunotsalhti,Eventful,notsal,[H_alt=glot],hvsk-han,r_stem,a_present,True,False,True,1,1,1,1,1
623,634,he/she is crossing it (refers to a body of water),tekahsohka,tetsihsohka,tekahsohko'i,tuwahsohtsv'i,thihsohki,tsuwahsohihsti,Eventful,hsoh,[H_alt=none],become,long_stem,a_present,True,False,False,1,1,1,1,4
625,636,he/she is explaining it (refers to a Biblical text),tekohsihsiha,tekohsihsiha,tekohsihsihsko'i,tuwohsihsanhv'i,thohsihsa,tsuwohsihsohti,Eventful,ohsihs,[H_alt=none],cause,vowel_stem,a_present,True,False,False,1,1,2,1,1
625,636,he/she is explaining it (refers to a Biblical text),tekohsihsiha,tekohsihsiha,tekohsihsihsko'i,tuwohsihsanhv'i,thohsihsa,tsuwohsihsohti,Eventful,ohsis,[H_alt=none],cause,vowel_stem,a_present,True,False,False,1,1,2,1,1
625,636,he/she is explaining it (refers to a Biblical text),tekohsihsiha,tekohsihsiha,tekohsihsihsko'i,tuwohsihsanhv'i,thohsihsa,tsuwohsihsohti,Eventful,osihs,[H_alt=none],cause,vowel_stem,a_present,True,False,False,1,1,2,1,1
625,636,he/she is explaining it (refers to a Biblical text),tekohsihsiha,tekohsihsiha,tekohsihsihsko'i,tuwohsihsanhv'i,thohsihsa,tsuwohsihsohti,Eventful,osis,[H_alt=none],cause,vowel_stem,a_present,True,False,False,1,1,2,1,1
626,637,he/she is deciding,tekukhtiha,tekukotiha,tekukhtihsko'i,tuwukhthanv'i,thukhta,tsuwukhtohti,Eventful,ukht,[H_alt=vowel_o],cause,vowel_stem,a_present,True,False,False,1,1,1,1,1
627,638,he/she is washing (refers to dishes),tekvtiye'a,tekvtiye'a,tekvtiyehsko'i,tuwatiye'v'i,thvtiya,tsuwatiyeti,Eventful,vtiy,[H_alt=none],e-a,v_stem,a_present,True,False,False,1,1,1,1,1
628,639,he/she is shelling (refers to peas‚ nut meats‚ etc),tekvthohi'a,tekvthohi'a,tekvthohihsko'i,tuwvthohihsv'i,thvthohi,tsuwvthohihsti,Eventful,vthoh,[H_alt=none],rev-i,vowel_stem,a_present,True,False,False,1,1,1,1,1
630,641,he/she is turning him/her over,tekhalihkwateka,tetsilihkwateka,tekhalihkwateko'i,tulhihkwatinvhsv'i,thilihkwatuka,tsulhihkwatinvti,Eventful,lhihkwat,[H_alt=drop],go-in,r_stem,a_present,True,False,True,1,1,1,1,1
631,642,he/she is singing,tekhanoki'a,tetsinoki'a,tekhanokihsko'i,tunhokihsv'i,thinhoki,tsunhokihsti,Eventful,nho,[H_alt=drop],rev-gi,r_stem,a_present,True,False,False,1,1,1,1,1
631,642,he/she is singing,tekhanoki'a,tetsinoki'a,tekhanokihsko'i,tunhokihsv'i,thinhoki,tsunhokihsti,Eventful,nho,[H_alt=drop],rev-gi,r_stem,a_present,True,False,True,1,1,1,1,1
631,642,he/she is singing,tekhanoki'a,tetsinoki'a,tekhanokihsko'i,tunhokihsv'i,thinhoki,tsunhokihsti,Eventful,nhok,[H_alt=drop],rev-i,r_stem,a_present,True,False,False,1,1,1,1,1
631,642,he/she is singing,tekhanoki'a,tetsinoki'a,tekhanokihsko'i,tunhokihsv'i,thinhoki,tsunhokihsti,Eventful,nhok,[H_alt=drop],rev-i,r_stem,a_present,True,False,True,1,1,1,1,1
632,643,he/she is clawing him/her,tekhanukohska,tetsinukohska,tekhanukohsko'i,tunhukohsv'i,thinukola,tsunhukohsti,Eventful,nhuko,[H_alt=drop],sk-s-la,r_stem,a_present,True,False,True,1,1,1,1,1
722,740,he/she is confronted with it,tutlohska,takwatlohska,tutlohsko'i,tutlohsv'i,titsatlohi,tsutlohihsti,Eventful,atlo,[H_alt=none],sk-s-hi-hihst,a_stem,a_present,False,False,False,1,1,1,1,1
723,741,he/she is called,tuto'a,takwato'a,tuto'o'i,tuto'v'i,tetsato'ehsti,tsutohsti,StativeNoImp,ato',[H_alt=none],stative,a_stem,a_present,False,False,False,1,1,1,1,1
724,742,he/she is staggering,tutokhtiha,takwatokhtiha,tutokhtihsko'i,tutokhthanv'i,titsatokhta,tsutokhtohti,Eventful,atokht,[H_alt=none],cause,a_stem,a_present,False,False,False,1,1,1,1,1
725,743,he/she is getting a rash,tukwenothihska,takikwenothihska,tukwenothihsko'i,tukwenothihsv'i,titsakwenothihi,tsukwenothihsti,Eventful,kwenothi,[H_alt=none],sk-s-hst,cons_stem,a_present,False,False,False,1,1,1,2,1
726,744,he/she has horns,tulhka,takilhka,tulhko'i,tulhkv'i,tetsalhkehsti,,StativeNoImp,lh,[H_alt=none],stative-k,cons_stem,a_present,False,False,False,1,1,1,1,1
726,744,he/she has horns,tulhka,takilhka,tulhko'i,tulhkv'i,tetsalhkehsti,,StativeNoImp,lh,[H_alt=none],stative-k,r_stem,a_present,False,False,False,1,1,1,1,1
726,744,he/she has horns,tulhka,takilhka,tulhko'i,tulhkv'i,tetsalhkehsti,,StativeNoImp,lhk,[H_alt=none],stative,cons_stem,a_present,False,False,False,1,1,1,1,1
726,744,he/she has horns,tulhka,takilhka,tulhko'i,tulhkv'i,tetsalhkehsti,,StativeNoImp,lhk,[H_alt=none],stative,r_stem,a_present,False,False,False,1,1,1,1,1
727,745,he/she is sneezing,tuyhvhstoyhska,takhiyvhstoyhska,tuyhvhstoyhsko'i,tuyhvhstoyhv'i,titshayvhstoyha,tsuyhvhstoyhsti,Eventful,yhvhstoy,[H_alt=none],sk-h,cons_stem,a_present,False,False,False,1,1,1,1,1
727,745,he/she is sneezing,tuyhvhstoyhska,takhiyvhstoyhska,tuyhvhstoyhsko'i,tuyhvhstoyhv'i,titshayvhstoyha,tsuyhvhstoyhsti,Eventful,yhvhstoy,[H_alt=none],sk-h,r_stem,a_present,False,False,False,1,1,1,1,1
727,745,he/she is sneezing,tuyhvhstoyhska,takhiyvhstoyhska,tuyhvhstoyhsko'i,tuyhvhstoyhv'i,titshayvhstoyha,tsuyhvhstoyhsti,Eventful,yhvstoy,[H_alt=none],sk-h,cons_stem,a_present,False,False,False,1,1,1,1,1
727,745,he/she is sneezing,tuyhvhstoyhska,takhiyvhstoyhska,tuyhvhstoyhsko'i,tuyhvhstoyhv'i,titshayvhstoyha,tsuyhvhstoyhsti,Eventful,yhvstoy,[H_alt=none],sk-h,r_stem,a_present,False,False,False,1,1,1,1,1
728,746,he/she is vomiting,tukhstiha,takikhstiha,tukhstihsko'i,tukhsthanv'i,titsakhsta,tsukhstohti,Eventful,khst,[H_alt=none],cause,cons_stem,a_present,False,False,False,1,1,1,1,1
728,746,he/she is vomiting,tukhstiha,takikhstiha,tukhstihsko'i,tukhsthanv'i,titsakhsta,tsukhstohti,Eventful,kst,[H_alt=none],cause,cons_stem,a_present,False,False,False,1,1,1,1,1
729,747,he/she is wearing glasses,tukhthinvtha,takwakhthinvtha,tukhthinvtho'i,tukhthinvthv'i,tetsakhthinvthehsti,tsukhthinvthti,StativeNoImp,akhthinvt,[H_alt=none],stative-h,a_stem,a_present,False,False,False,1,1,1,1,1
729,747,he/she is wearing glasses,tukhthinvtha,takwakhthinvtha,tukhthinvtho'i,tukhthinvthv'i,tetsakhthinvthehsti,tsukhthinvthti,StativeNoImp,akhthinvth,[H_alt=none],stative,a_stem,a_present,False,False,False,1,1,1,1,1
730,748,he/she is wearing shoes,tulahsulha,takwalahsulha,tulahsulho'i,tulahsulhv'i,tetsalahsulhehsti,,StativeNoImp,alahsul,[H_alt=none],stative-h,a_stem,a_present,False,False,False,1,1,1,1,1
730,748,he/she is wearing shoes,tulahsulha,takwalahsulha,tulahsulho'i,tulahsulhv'i,tetsalahsulhehsti,,StativeNoImp,alahsulh,[H_alt=none],stative,a_stem,a_present,False,False,False,1,1,1,1,1
730,748,he/she is wearing shoes,tulahsulha,takwalahsulha,tulahsulho'i,tulahsulhv'i,tetsalahsulhehsti,,StativeNoImp,alasul,[H_alt=none],stative-h,a_stem,a_present,False,False,False,1,1,1,1,1
730,748,he/she is wearing shoes,tulahsulha,takwalahsulha,tulahsulho'i,tulahsulhv'i,tetsalahsulhehsti,,StativeNoImp,alasulh,[H_alt=none],stative,a_stem,a_present,False,False,False,1,1,1,1,1
732,750,he/she is wearing gloves,tuliyehsula,takwaliyehsula,tuliyehsulo'i,tuliyehsulv'i,thaliyehsulvka,tsuliyehsuloti,StativeNoImp,aliyehsul,[H_alt=none],stative,a_stem,a_present,False,False,False,1,1,1,1,1
732,750,he/she is wearing gloves,tuliyehsula,takwaliyehsula,tuliyehsulo'i,tuliyehsulv'i,thaliyehsulvka,tsuliyehsuloti,StativeNoImp,aliyesul,[H_alt=none],stative,a_stem,a_present,False,False,False,1,1,1,1,1
733,751,he/she is wearing socks,tuliyoha,takwaliyoha,tuliyoho'i,tuliyohv'i,tetsaliyohehsti,,StativeNoImp,aliyo,[H_alt=none],stative-h,a_stem,a_present,False,False,False,1,1,1,1,1
733,751,he/she is wearing socks,tuliyoha,takwaliyoha,tuliyoho'i,tuliyohv'i,tetsaliyohehsti,,StativeNoImp,aliyoh,[H_alt=none],stative,a_stem,a_present,False,False,False,1,1,1,1,1
735,753,he/she is working,tulvwhihstaneha,takilvwhihstaneha,tulvwhihstaneho'i,tulvwhihstanelv'i,titsalvwhihstahsi,tsulvwhihstanehti,Eventful,lvwhihstan,[H_alt=none],apl,r_stem,a_present,False,False,False,1,1,1,1,1
735,753,he/she is working,tulvwhihstaneha,takilvwhihstaneha,tulvwhihstaneho'i,tulvwhihstanelv'i,titsalvwhihstahsi,tsulvwhihstanehti,Eventful,lvwhistan,[H_alt=none],apl,r_stem,a_present,False,False,False,1,1,1,1,1
737,755,he/she is making footsteps,tuhstanoyhvhka,takwahstanoyhvhka,tuhstanoyhvhko'i,tuhstanoyhvhkv'i,titsahstanoyhvla,tsuhstanoyhvlhihsti,StativeNoImp,ahstanoyhvh,[H_alt=none],stative-k,a_stem,a_present,False,False,False,1,1,1,1,1
737,755,he/she is making footsteps,tuhstanoyhvhka,takwahstanoyhvhka,tuhstanoyhvhko'i,tuhstanoyhvhkv'i,titsahstanoyhvla,tsuhstanoyhvlhihsti,StativeNoImp,ahstanoyhvhk,[H_alt=none],stative,a_stem,a_present,False,False,False,1,1,1,1,1
737,755,he/she is making footsteps,tuhstanoyhvhka,takwahstanoyhvhka,tuhstanoyhvhko'i,tuhstanoyhvhkv'i,titsahstanoyhvla,tsuhstanoyhvlhihsti,StativeNoImp,astanoyhvh,[H_alt=none],stative-k,a_stem,a_present,False,False,False,1,1,1,1,1
737,755,he/she is making footsteps,tuhstanoyhvhka,takwahstanoyhvhka,tuhstanoyhvhko'i,tuhstanoyhvhkv'i,titsahstanoyhvla,tsuhstanoyhvlhihsti,StativeNoImp,astanoyhvhk,[H_alt=none],stative,a_stem,a_present,False,False,False,1,1,1,1,1
738,756,he/she is releasing it (refers to involuntarily releasing),tuhskalehstiha,takwahskalehstiha,tuhskalehstihsko'i,tuhskalehsthanv'i,titsahskalehsta,tsuhskalehstohti,Eventful,ahskalehst,[H_alt=none],cause,a_stem,a_present,False,False,False,1,1,1,1,1
738,756,he/she is releasing it (refers to involuntarily releasing),tuhskalehstiha,takwahskalehstiha,tuhskalehstihsko'i,tuhskalehsthanv'i,titsahskalehsta,tsuhskalehstohti,Eventful,ahskalest,[H_alt=none],cause,a_stem,a_present,False,False,False,1,1,1,1,1
738,756,he/she is releasing it (refers to involuntarily releasing),tuhskalehstiha,takwahskalehstiha,tuhskalehstihsko'i,tuhskalehsthanv'i,titsahskalehsta,tsuhskalehstohti,Eventful,askalehst,[H_alt=none],cause,a_stem,a_present,False,False,False,1,1,1,1,1
738,756,he/she is releasing it (refers to involuntarily releasing),tuhskalehstiha,takwahskalehstiha,tuhskalehstihsko'i,tuhskalehsthanv'i,titsahskalehsta,tsuhskalehstohti,Eventful,askalest,[H_alt=none],cause,a_stem,a_present,False,False,False,1,1,1,1,1
739,757,he/she is tired,tuyaweka,takiyaweka,tuyaweko'i,tuyawetsv'i,titsayaweki,tsuyawehsti,Eventful,yawe,[H_alt=none],become,cons_stem,a_present,False,False,False,1,1,1,1,1
739,757,he/she is tired,tuyaweka,takiyaweka,tuyaweko'i,tuyawetsv'i,titsayaweki,tsuyawehsti,Eventful,yawe,[H_alt=none],become,r_stem,a_present,False,False,False,1,1,1,1,1
740,758,he/she is releasing it (refers to voluntarily releasing),tuyohska,takiyohska,tuyohsko'i,tuyohsv'i,titsayohi,tsuyohihsti,Eventful,yo,[H_alt=none],sk-s-hi-hihst,cons_stem,a_present,False,False,False,1,1,1,1,1
740,758,he/she is releasing it (refers to voluntarily releasing),tuyohska,takiyohska,tuyohsko'i,tuyohsv'i,titsayohi,tsuyohihsti,Eventful,yo,[H_alt=none],sk-s-hi-hihst,r_stem,a_present,False,False,False,1,1,1,1,1
742,765,he/she is walking around,etoha,ketoha,etoho'i,uwetolv'i,heta,uwetahsti,Eventful,et,[H_alt=none],be-at,e_stem,a_present,True,False,False,1,1,1,1,1
746,769,he/she lives,eha,ke'a,eho'i,,hehehsti,,StativeFutProg,e,[H_alt=glot],stative-h,e_stem,a_present,True,False,False,1,1,1,1,1
746,769,he/she lives,eha,ke'a,eho'i,,hehehsti,,StativeFutProg,eh,[H_alt=glot],stative,e_stem,a_present,True,False,False,1,1,1,1,1
752,776,he/she thinks so,eli'a,keli'a,elihsko'i,uwelihsv'i,hela,uwelihsti,Eventful,el,[H_alt=none],i-a-i,e_stem,a_present,True,False,False,1,1,2,1,1
757,787,he/she is straightening it,katshinohsiha,tsitshinohsiha,katshinohsihsko'i,uwatshinohsanhv'i,hitshinohsa,uwatshinohsohti,Eventful,thshinohs,[H_alt=none],cause,long_stem,a_present,True,False,False,1,1,2,1,1
757,787,he/she is straightening it,katshinohsiha,tsitshinohsiha,katshinohsihsko'i,uwatshinohsanhv'i,hitshinohsa,uwatshinohsohti,Eventful,thshinos,[H_alt=none],cause,long_stem,a_present,True,False,False,1,1,2,1,1
757,787,he/she is straightening it,katshinohsiha,tsitshinohsiha,katshinohsihsko'i,uwatshinohsanhv'i,hitshinohsa,uwatshinohsohti,Eventful,tshinohs,[H_alt=none],cause,long_stem,a_present,True,False,False,1,1,2,1,1
757,787,he/she is straightening it,katshinohsiha,tsitshinohsiha,katshinohsihsko'i,uwatshinohsanhv'i,hitshinohsa,uwatshinohsohti,Eventful,tshinos,[H_alt=none],cause,long_stem,a_present,True,False,False,1,1,2,1,1
759,789,it is hanging (refers to flexible object),kata'a,kata'a,kata'o'i,,hata'ehsti,,StativeFutProg,at,[H_alt=none],stative-a',a_stem,a_present,True,False,False,1,1,1,1,1
759,789,it is hanging (refers to flexible object),kata'a,kata'a,kata'o'i,,hata'ehsti,,StativeFutProg,ata',[H_alt=none],stative,a_stem,a_present,True,False,False,1,1,1,1,1
764,794,he/she is plowing it,kataluki'a,tsitaluki'a,katalukihsko'i,uwatalukanv'i,hitalukvka,uwatalukoti,Eventful,taluk,[H_alt=none],i-vka,long_stem,a_present,True,False,False,1,1,1,1,1
766,796,he/she is removing it from a hanging position (refers to solid or flexible object),kate'a,kate'a,katehsko'i,utehsv'i,hataki,utehsti,Eventful,at,[H_alt=none],rev-e,a_stem,a_present,True,False,False,1,1,1,1,1
767,797,he/she is turning it,kateyhstiha,tsiteyahstiha,kateyhstihsko'i,uwateyhsthanv'i,hiteyhsta,uwateyhstohti,Eventful,teyhst,[H_alt=vowel_a],cause,long_stem,a_present,True,False,False,1,1,1,1,1
769,799,he/she is spinning it,katikwalvteyhstiha,tsitikwalvteyhstiha,katikwalvteyhstihsko'i,uwatikwalvteyhsthanv'i,hitikwalvteyhsta,uwatikwalvteyhstohti,Eventful,tikwalvteyhst,[H_alt=drop],cause,long_stem,a_present,True,False,False,1,1,1,1,1
769,799,he/she is spinning it,katikwalvteyhstiha,tsitikwalvteyhstiha,katikwalvteyhstihsko'i,uwatikwalvteyhsthanv'i,hitikwalvteyhsta,uwatikwalvteyhstohti,Eventful,tikwalvteyst,[H_alt=none],cause,long_stem,a_present,True,False,False,1,1,1,1,1
770,800,he/she is strapping it,katlohiha,tsitlohiha,katlohiho'i,uwatlolhv'i,hitloka,uwatlohsti,Eventful,tlo,[H_alt=none],hih-lh,long_stem,a_present,True,False,False,1,1,1,1,1
772,802,he/she is standing,katoka,tsitoka,katoko'i,,hitokehsti,,StativeFutProg,to,[H_alt=none],stative-k,long_stem,a_present,True,False,False,1,1,1,1,1
772,802,he/she is standing,katoka,tsitoka,katoko'i,,hitokehsti,,StativeFutProg,tok,[H_alt=none],stative,long_stem,a_present,True,False,False,1,1,1,1,1
775,805,he/she is pitying him/her,katolika,tsiyatolika,katoliko'i,uwatolitsv'i,hiyatoliki,uwatolihsti,Eventful,toli,[H_alt=none],become,long_stem,a_present,True,False,True,1,1,1,1,1
776,806,he/she is dropping him/her (refers to flexible object),katonhtiha,tsiyatonhtiha,katonhtihsko'i,utonhthanv'i,hiyatonhta,utonhtohti,Eventful,atonht,[H_alt=none],cause,a_stem,a_present,True,False,True,1,1,1,1,1
777,807,it is falling from a hanging position (refers to flexible object),katohska,katohska,katohsko'i,utohsv'i,hatohi,utohihsti,Eventful,ato,[H_alt=none],sk-s-hi-hihst,a_stem,a_present,True,False,False,1,1,1,1,1
784,814,he/she is baking it,katuhvhska,tsituhvhska,katuhvhsko'i,uwatunhv'i,hituhvka,uwathti,Eventful,tu,[H_alt=none],hvsk-nh,long_stem,a_present,True,False,False,1,1,1,1,2
788,818,he/she is hanging up it (refers to a flexible object),katv'vhska,tsiyatv'vhska,katv'vhsko'i,utvnv'i,hatv'vka,utvti,Eventful,at,[H_alt=none],vsk-long,a_stem,a_present,True,False,True,1,1,1,2,1
788,818,he/she is hanging up it (refers to a flexible object),katv'vhska,tsiyatv'vhska,katv'vhsko'i,utvnv'i,hatv'vka,utvti,Eventful,atv,[H_alt=none],vsk-post-v,a_stem,a_present,True,False,True,1,1,1,1,1
791,821,he/she is rowing,kakawehska,tsikawehska,kakawehsko'i,uwakawehsv'i,hikawehi,uwakawehsti,Eventful,kawe,[H_alt=none],sk-s-hst,long_stem,a_present,True,False,False,1,1,1,2,1
796,826,he/she is pecking it,kakwayohiha,tsiyakwayo'iha,kakwayohiho'i,uwakwayolhv'i,hiyakwayo'a,uwakwayohsti,Eventful,kwayo,[H_alt=glot],hih-lh,long_stem,a_present,True,False,True,1,1,1,2,1
798,828,he/she is putting it into a container,kalhtiha,tsilotiha,kalhtihsko'i,ulhthanv'i,hilhta,ulhtohti,Eventful,lht,[H_alt=vowel_o],cause,r_stem,a_present,True,False,False,1,1,1,1,1
798,828,he/she is putting it into a container,kalhtiha,tsilotiha,kalhtihsko'i,ulhthanv'i,hilhta,ulhtohti,Eventful,lht,[H_alt=vowel_o],cause,r_stem,a_present,True,False,True,1,1,1,1,1
803,833,he/she is sleeping,kalhiha,tsi'liha,kalhiho'i,,hilhvna,ulhvnhti,StativeNoImp,lhi,[H_alt=glot],stative-h,long_stem,a_present,True,False,False,1,1,1,1,1
803,833,he/she is sleeping,kalhiha,tsi'liha,kalhiho'i,,hilhvna,ulhvnhti,StativeNoImp,lhi,[H_alt=glot],stative-h,r_stem,a_present,True,False,False,1,1,1,1,1
803,833,he/she is sleeping,kalhiha,tsi'liha,kalhiho'i,,hilhvna,ulhvnhti,StativeNoImp,lhi,[H_alt=glot],stative-h,r_stem,a_present,True,False,True,1,1,1,1,1
803,833,he/she is sleeping,kalhiha,tsi'liha,kalhiho'i,,hilhvna,ulhvnhti,StativeNoImp,lhih,[H_alt=glot],stative,long_stem,a_present,True,False,False,1,1,1,1,1
803,833,he/she is sleeping,kalhiha,tsi'liha,kalhiho'i,,hilhvna,ulhvnhti,StativeNoImp,lhih,[H_alt=glot],stative,r_stem,a_present,True,False,False,1,1,1,1,1
803,833,he/she is sleeping,kalhiha,tsi'liha,kalhiho'i,,hilhvna,ulhvnhti,StativeNoImp,lhih,[H_alt=glot],stative,r_stem,a_present,True,False,True,1,1,1,1,1
804,834,he/she is gathering it,kalhihsiha,tsilhihsiha,kalhihsihsko'i,uwalhihsanhv'i,hilhihsa,uwalhihsohti,Eventful,lhihs,[H_alt=none],cause,long_stem,a_present,True,False,False,1,1,2,1,1
804,834,he/she is gathering it,kalhihsiha,tsilhihsiha,kalhihsihsko'i,uwalhihsanhv'i,hilhihsa,uwalhihsohti,Eventful,lhis,[H_alt=none],cause,long_stem,a_present,True,False,False,1,1,2,1,1
809,839,he/she is piling it up,kalhuhska,tsilhuhska,kalhuhsko'i,uwalhunv'i,hilhuka,uwalhuhsti,Eventful,l,[H_alt=none],husk,long_stem,a_present,True,False,False,1,1,1,1,1
811,841,he/she is putting it in a hole or a container,kalhvhska,tsi'lvhska,kalhvhsko'i,ulhanv'i,hilhvka,ulhti,Eventful,l,[H_alt=glot],hvsk-han,r_stem,a_present,True,False,False,1,1,1,1,1
811,841,he/she is putting it in a hole or a container,kalhvhska,tsi'lvhska,kalhvhsko'i,ulhanv'i,hilhvka,ulhti,Eventful,l,[H_alt=glot],hvsk-han,r_stem,a_present,True,False,True,1,1,1,1,1
812,842,he/she is sleepy,kalhvhska,tsi'lvhska,kalhvhsko'i,ulhvnhv'i,hilhvna,ulhvnhti,Eventful,lh,[H_alt=glot],vnh-vsk,r_stem,a_present,True,False,False,1,1,1,1,3
812,842,he/she is sleepy,kalhvhska,tsi'lvhska,kalhvhsko'i,ulhvnhv'i,hilhvna,ulhvnhti,Eventful,lh,[H_alt=glot],vnh-vsk,r_stem,a_present,True,False,True,1,1,1,1,3
813,843,he/she is taking it somewhere by hand (refers to a flexible object),kanheka,tsi'neka,kanheko'i,unhvhsv'i,hinhuka,unhvhsti,Eventful,nh,[H_alt=glot],go,r_stem,a_present,True,False,False,1,1,1,1,1
813,843,he/she is taking it somewhere by hand (refers to a flexible object),kanheka,tsi'neka,kanheko'i,unhvhsv'i,hinhuka,unhvhsti,Eventful,nh,[H_alt=glot],go,r_stem,a_present,True,False,True,1,1,1,1,1
815,845,he/she is handling it (refers to a flexible object),kanhitoha,tsi'nitoha,kanhitoho'i,unhitolv'i,hinhita,unhitahsti,Eventful,nhit,[H_alt=glot],be-at,r_stem,a_present,True,False,False,1,1,1,1,1
815,845,he/she is handling it (refers to a flexible object),kanhitoha,tsi'nitoha,kanhitoho'i,unhitolv'i,hinhita,unhitahsti,Eventful,nhit,[H_alt=glot],be-at,r_stem,a_present,True,False,True,1,1,1,1,1
818,848,he/she is eating it (refers to a flexible object),kayhe'a,tsiyaye'a,kayhehsko'i,uwayha'v'i,hiyayaka,uwayhehsti,Eventful,yh,[H_alt=drop],e-aka,long_stem,a_present,True,False,True,1,1,1,1,1
820,850,he/she is ripping it,katsakaliha,tsitsakali'a,katsakalihsko'i,uwatsakalvhv'i,hitsakala,uwatsakalhti,Eventful,tsakal,[H_alt=glot],ih-vh,long_stem,a_present,True,False,False,1,1,1,1,1
821,851,he/she is scratching him/her,katsalikohska,tsiyatsalikohska,katsalikohsko'i,uwatsalikohsv'i,hiyatsalikola,uwatsalikohsti,Eventful,thsaliko,[H_alt=none],sk-s-la,long_stem,a_present,True,False,True,1,1,1,1,1
821,851,he/she is scratching him/her,katsalikohska,tsiyatsalikohska,katsalikohsko'i,uwatsalikohsv'i,hiyatsalikola,uwatsalikohsti,Eventful,tsaliko,[H_alt=none],sk-s-la,long_stem,a_present,True,False,True,1,1,1,1,1
823,853,he/she is pricking him/her,katsayohiha,tsiyatsayo'iha,katsayohiho'i,uwatsayolhv'i,hiyatsayo'a,uwatsayohsti,Eventful,tsayo,[H_alt=glot],hih-lh,long_stem,a_present,True,False,True,1,1,1,2,1
824,854,he/she is wringing it out,katsvwahstiha,tsitsvwahstiha,katsvwahstihsko'i,uwatsvwahsthanv'i,hitsvwahsta,uwatsvwahstohti,Eventful,thsvwahst,[H_alt=none],cause,long_stem,a_present,True,False,False,1,1,1,1,1
824,854,he/she is wringing it out,katsvwahstiha,tsitsvwahstiha,katsvwahstihsko'i,uwatsvwahsthanv'i,hitsvwahsta,uwatsvwahstohti,Eventful,thsvwast,[H_alt=none],cause,long_stem,a_present,True,False,False,1,1,1,1,1
824,854,he/she is wringing it out,katsvwahstiha,tsitsvwahstiha,katsvwahstihsko'i,uwatsvwahsthanv'i,hitsvwahsta,uwatsvwahstohti,Eventful,tsvwahst,[H_alt=none],cause,long_stem,a_present,True,False,False,1,1,1,1,1
824,854,he/she is wringing it out,katsvwahstiha,tsitsvwahstiha,katsvwahstihsko'i,uwatsvwahsthanv'i,hitsvwahsta,uwatsvwahstohti,Eventful,tsvwast,[H_alt=none],cause,long_stem,a_present,True,False,False,1,1,1,1,1
825,855,he/she is stinging it,katsvyhska,tsiyatsvyhska,katsvyhsko'i,uwatsvyhv'i,hiyatsvyha,uwatsvyhsti,Eventful,thsvy,[H_alt=none],sk-h,long_stem,a_present,True,False,True,1,1,1,1,1
826,856,he/she is leaving a living thing behind,kakhahiya'a,tsiyakhahiya'a,kakhahiyahsko'i,uwakhahiyv'i,hiyakhahiya,uwakhahiyahsti,Eventful,khahiy,[H_alt=none],a,long_stem,a_present,True,False,True,1,1,1,1,1
827,857,he/she is giving him/her a living thing,kakhaneha,tsiyakhaneha,kakhaneho'i,uwakhanelv'i,hiyakhahsi,uwakhanehti,Eventful,khan,[H_alt=none],apl,long_stem,a_present,True,False,True,1,1,1,1,1
829,859,he/she is wrapping him/her,kakwhenvhska,tsiyakwhenvhska,kakwhenvhsko'i,uwakwhenvnhv'i,hiyakwhenvna,uwakwhenvhti,Eventful,kwhen,[H_alt=none],vnh-vsk,long_stem,a_present,True,False,True,1,1,1,1,2
830,860,he/she is putting it in a container (refers to a long object),kalati'a,tsilati'a,kalatihsko'i,ulatv'i,hilata,ulatihsti,Eventful,lat,[H_alt=none],i-a-i,r_stem,a_present,True,False,False,1,1,1,1,1
830,860,he/she is putting it in a container (refers to a long object),kalati'a,tsilati'a,kalatihsko'i,ulatv'i,hilata,ulatihsti,Eventful,lat,[H_alt=none],i-a-i,r_stem,a_present,True,False,True,1,1,1,1,1
833,863,he/she is taking it out of a container (refers to a solid or flexible object),kale'a,tsile'a,kalehsko'i,ulehsv'i,hilaki,ulehsti,Eventful,l,[H_alt=none],rev-e,r_stem,a_present,True,False,False,1,1,1,1,1
833,863,he/she is taking it out of a container (refers to a solid or flexible object),kale'a,tsile'a,kalehsko'i,ulehsv'i,hilaki,ulehsti,Eventful,l,[H_alt=none],rev-e,r_stem,a_present,True,False,True,1,1,1,1,1
837,867,he/she is burning,kaleyvhska,tsileyvhska,kaleyvhsko'i,uleyvhsv'i,hileyvhi,uleyvhihsti,Eventful,leyv,[H_alt=none],sk-s-hi-hihst,r_stem,a_present,True,False,False,1,1,1,1,1
837,867,he/she is burning,kaleyvhska,tsileyvhska,kaleyvhsko'i,uleyvhsv'i,hileyvhi,uleyvhihsti,Eventful,leyv,[H_alt=none],sk-s-hi-hihst,r_stem,a_present,True,False,True,1,1,1,1,1
838,868,it is falling from an upright position (refers to a long object eg tree‚ pole),kaleyvhska,tsileyvhska,kaleyvhsko'i,uleyvhsv'i,hileyvhi,uleyvhihsti,Eventful,leyv,[H_alt=none],sk-s-hi-hihst,r_stem,a_present,True,False,False,1,1,1,1,1
838,868,it is falling from an upright position (refers to a long object eg tree‚ pole),kaleyvhska,tsileyvhska,kaleyvhsko'i,uleyvhsv'i,hileyvhi,uleyvhihsti,Eventful,leyv,[H_alt=none],sk-s-hi-hihst,r_stem,a_present,True,False,True,1,1,1,1,1
840,870,it is burning (refers to forest or grass),kalika,,kaliko'i,ulitsv'i,,,Eventful,ali,[H_alt=none],become,a_stem,a_present,True,False,False,1,1,1,1,1
840,870,it is burning (refers to forest or grass),kalika,,kaliko'i,ulitsv'i,,,Eventful,ali,[H_alt=none],become,a_stem,a_present,True,False,True,1,1,1,1,1
840,870,it is burning (refers to forest or grass),kalika,,kaliko'i,ulitsv'i,,,Eventful,li,[H_alt=none],become,r_stem,a_present,True,False,False,1,1,1,1,1
840,870,it is burning (refers to forest or grass),kalika,,kaliko'i,ulitsv'i,,,Eventful,li,[H_alt=none],become,r_stem,a_present,True,False,True,1,1,1,1,1
842,872,it is dying (refers to an animal or plant),kaliwhoka,tsiliwoka,kaliwhoko'i,uliwhotsv'i,hiliwhoki,uliwhohsti,Eventful,liwho,[H_alt=drop],become,r_stem,a_present,True,False,False,1,1,1,1,1
842,872,it is dying (refers to an animal or plant),kaliwhoka,tsiliwoka,kaliwhoko'i,uliwhotsv'i,hiliwhoki,uliwhohsti,Eventful,liwho,[H_alt=drop],become,r_stem,a_present,True,False,True,1,1,1,1,1
845,875,he/she is hoeing it,kaloki'a,tsiloki'a,kalokihsko'i,ulokanv'i,hilokvka,ulokoti,Eventful,lok,[H_alt=none],i-vka,r_stem,a_present,True,False,False,1,1,1,1,1
845,875,he/she is hoeing it,kaloki'a,tsiloki'a,kalokihsko'i,ulokanv'i,hilokvka,ulokoti,Eventful,lok,[H_alt=none],i-vka,r_stem,a_present,True,False,True,1,1,1,1,1
848,878,he/she is stopping by (where on the way somewhere),kalohihstiha,tsilo'ihstiha,kalohihstihsko'i,ulohihsthanv'i,hilohihsta,ulohihstohti,Eventful,lohihst,[H_alt=glot],cause,r_stem,a_present,True,False,False,1,1,1,1,1
848,878,he/she is stopping by (where on the way somewhere),kalohihstiha,tsilo'ihstiha,kalohihstihsko'i,ulohihsthanv'i,hilohihsta,ulohihstohti,Eventful,lohihst,[H_alt=glot],cause,r_stem,a_present,True,False,True,1,1,1,1,1
848,878,he/she is stopping by (where on the way somewhere),kalohihstiha,tsilo'ihstiha,kalohihstihsko'i,ulohihsthanv'i,hilohihsta,ulohihstohti,Eventful,lohist,[H_alt=glot],cause,r_stem,a_present,True,False,False,1,1,1,1,1
848,878,he/she is stopping by (where on the way somewhere),kalohihstiha,tsilo'ihstiha,kalohihstihsko'i,ulohihsthanv'i,hilohihsta,ulohihstohti,Eventful,lohist,[H_alt=glot],cause,r_stem,a_present,True,False,True,1,1,1,1,1
850,880,he/she is overtaking him/her,kalohihseha,tsilo'ihseha,kalohihseho'i,ulohihselv'i,hilo'ihsi,ulohihsehti,Eventful,lohihs,[H_alt=glot],apl,r_stem,a_present,True,False,True,1,1,1,2,1
850,880,he/she is overtaking him/her,kalohihseha,tsilo'ihseha,kalohihseho'i,ulohihselv'i,hilo'ihsi,ulohihsehti,Eventful,lohis,[H_alt=glot],apl,r_stem,a_present,True,False,True,1,1,1,1,1
852,882,he/she is bluffing him/her,kalonahstiha,tsilonahstiha,kalonahstihsko'i,ulonahsthanv'i,hilonahsta,ulonahstohti,Eventful,lonahst,[H_alt=none],cause,r_stem,a_present,True,False,False,1,1,1,1,1
852,882,he/she is bluffing him/her,kalonahstiha,tsilonahstiha,kalonahstihsko'i,ulonahsthanv'i,hilonahsta,ulonahstohti,Eventful,lonahst,[H_alt=none],cause,r_stem,a_present,True,False,True,1,1,1,1,1
852,882,he/she is bluffing him/her,kalonahstiha,tsilonahstiha,kalonahstihsko'i,ulonahsthanv'i,hilonahsta,ulonahstohti,Eventful,lonast,[H_alt=none],cause,r_stem,a_present,True,False,False,1,1,1,1,1
852,882,he/she is bluffing him/her,kalonahstiha,tsilonahstiha,kalonahstihsko'i,ulonahsthanv'i,hilonahsta,ulonahstohti,Eventful,lonast,[H_alt=none],cause,r_stem,a_present,True,False,True,1,1,1,1,1
853,883,he/she is oiling it,kalone'a,tsilone'a,kalonehsko'i,ulone'v'i,hilona,uloneti,Eventful,lon,[H_alt=none],e-a,r_stem,a_present,True,False,False,1,1,1,1,1
853,883,he/she is oiling it,kalone'a,tsilone'a,kalonehsko'i,ulone'v'i,hilona,uloneti,Eventful,lon,[H_alt=none],e-a,r_stem,a_present,True,False,True,1,1,1,1,1
854,884,he/she is making him/her fall from an elevated position,kalonhtiha,tsilonhtiha,kalonhtihsko'i,ulonhthanv'i,hilonhta,ulonhtohti,Eventful,lonht,[H_alt=none],cause,r_stem,a_present,True,False,False,1,1,1,1,1
854,884,he/she is making him/her fall from an elevated position,kalonhtiha,tsilonhtiha,kalonhtihsko'i,ulonhthanv'i,hilonhta,ulonhtohti,Eventful,lonht,[H_alt=none],cause,r_stem,a_present,True,False,True,1,1,1,1,1
855,885,he/she is cheating,kalonuheha,tsilonu'eha,kalonuhehsko'i,ulonuhelhv'i,hilonuhvla,ulonuhehti,Eventful,lonu,[H_alt=glot],apl-active-h,r_stem,a_present,True,False,False,1,1,1,1,1
855,885,he/she is cheating,kalonuheha,tsilonu'eha,kalonuhehsko'i,ulonuhelhv'i,hilonuhvla,ulonuhehti,Eventful,lonu,[H_alt=glot],apl-active-h,r_stem,a_present,True,False,True,1,1,1,1,1
855,885,he/she is cheating,kalonuheha,tsilonu'eha,kalonuhehsko'i,ulonuhelhv'i,hilonuhvla,ulonuhehti,Eventful,lonuh,[H_alt=glot],apl-active-',r_stem,a_present,True,False,False,1,1,1,1,1
855,885,he/she is cheating,kalonuheha,tsilonu'eha,kalonuhehsko'i,ulonuhelhv'i,hilonuhvla,ulonuhehti,Eventful,lonuh,[H_alt=glot],apl-active-',r_stem,a_present,True,False,True,1,1,1,1,1
856,886,he/she is passing by without stopping,kalohska,tsilohska,kalohsko'i,ulohsv'i,hilohi,ulohihsti,Eventful,lo,[H_alt=none],sk-s-hi-hihst,r_stem,a_present,True,False,False,1,1,1,1,1
856,886,he/she is passing by without stopping,kalohska,tsilohska,kalohsko'i,ulohsv'i,hilohi,ulohihsti,Eventful,lo,[H_alt=none],sk-s-hi-hihst,r_stem,a_present,True,False,True,1,1,1,1,1
857,887,he/she is falling from an elevated position,kalohska,tsilohska,kalohsko'i,ulohsv'i,hilohi,ulohihsti,Eventful,lo,[H_alt=none],sk-s-hi-hihst,r_stem,a_present,True,False,False,1,1,1,1,1
857,887,he/she is falling from an elevated position,kalohska,tsilohska,kalohsko'i,ulohsv'i,hilohi,ulohihsti,Eventful,lo,[H_alt=none],sk-s-hi-hihst,r_stem,a_present,True,False,True,1,1,1,1,1
859,889,it’s lacking,kaluloka,tsiluloka,kaluloko'i,ululotsv'i,hiluloki,ululohsti,Eventful,lulo,[H_alt=none],become,r_stem,a_present,True,False,False,1,1,1,1,1
859,889,it’s lacking,kaluloka,tsiluloka,kaluloko'i,ululotsv'i,hiluloki,ululohsti,Eventful,lulo,[H_alt=none],become,r_stem,a_present,True,False,True,1,1,1,1,1
862,892,he/she is chopping it,kaluyhska,tsiluyhska,kaluyhsko'i,uluyhv'i,hiluyha,uluyhsti,Eventful,luy,[H_alt=drop],sk-h,r_stem,a_present,True,False,False,1,1,1,1,1
862,892,he/she is chopping it,kaluyhska,tsiluyhska,kaluyhsko'i,uluyhv'i,hiluyha,uluyhsti,Eventful,luy,[H_alt=drop],sk-h,r_stem,a_present,True,False,True,1,1,1,1,1
864,894,he/she is beating him/her up,kalvnhiha,tsilvnhiha,kalvnhiho'i,ulvnhilv'i,hilvnhka,ulvnhsti,Eventful,lvn,[H_alt=none],hih-hil,r_stem,a_present,True,False,False,1,1,1,1,1
864,894,he/she is beating him/her up,kalvnhiha,tsilvnhiha,kalvnhiho'i,ulvnhilv'i,hilvnhka,ulvnhsti,Eventful,lvn,[H_alt=none],hih-hil,r_stem,a_present,True,False,True,1,1,1,1,1
870,900,he/she is putting it in a hole or a container (refers to a flexible object),kalvhska,tsilvhska,kalvhsko'i,ulvnv'i,hilv'vka,ulvti,Eventful,l,[H_alt=none],vsk,r_stem,a_present,True,False,False,1,1,1,2,1
870,900,he/she is putting it in a hole or a container (refers to a flexible object),kalvhska,tsilvhska,kalvhsko'i,ulvnv'i,hilv'vka,ulvti,Eventful,l,[H_alt=none],vsk,r_stem,a_present,True,False,True,1,1,1,2,1
871,901,he/she is selling it,kanateka,tsinateka,kanateko'i,unatinvhsv'i,hinatuka,unatinvti,Eventful,nat,[H_alt=none],go-in,r_stem,a_present,True,False,False,1,1,1,1,1
871,901,he/she is selling it,kanateka,tsinateka,kanateko'i,unatinvhsv'i,hinatuka,unatinvti,Eventful,nat,[H_alt=none],go-in,r_stem,a_present,True,False,True,1,1,1,1,1
873,903,he/she is hiring him/her,kanalhvhska,tsinalhvhska,kanalhvhsko'i,unalhvnv'i,hinalhv'vka,unalhvti,Eventful,nalh,[H_alt=none],vsk,r_stem,a_present,True,False,False,1,1,1,2,1
873,903,he/she is hiring him/her,kanalhvhska,tsinalhvhska,kanalhvhsko'i,unalhvnv'i,hinalhv'vka,unalhvti,Eventful,nalh,[H_alt=none],vsk,r_stem,a_present,True,False,True,1,1,1,2,1
876,906,he/she is finding it (refers to a flexible object),kanawhthiha,tsinawhthiha,kanawhthihsko'i,unawhthvhv'i,hinawhtha,unawhthvhti,Eventful,nawhth,[H_alt=none],ih-vh,r_stem,a_present,True,False,False,1,1,1,1,2
876,906,he/she is finding it (refers to a flexible object),kanawhthiha,tsinawhthiha,kanawhthihsko'i,unawhthvhv'i,hinawhtha,unawhthvhti,Eventful,nawhth,[H_alt=none],ih-vh,r_stem,a_present,True,False,True,1,1,1,1,2
877,907,he/she is taking it somewhere (refers to an animal‚ flexible object),kanawitiha,tsinawitiha,kanawitihsko'i,unawitvhv'i,hinawita,unawithti,Eventful,nawit,[H_alt=none],ih-vh,r_stem,a_present,True,False,False,1,1,1,1,1
877,907,he/she is taking it somewhere (refers to an animal‚ flexible object),kanawitiha,tsinawitiha,kanawitihsko'i,unawitvhv'i,hinawita,unawithti,Eventful,nawit,[H_alt=none],ih-vh,r_stem,a_present,True,False,True,1,1,1,1,1
879,909,he/she is getting it (refers to a flexible object),kane'a,tsine'a,kanehsko'i,unehsv'i,hinaki,unehsti,Eventful,n,[H_alt=none],rev-e,r_stem,a_present,True,False,False,1,1,1,1,1
879,909,he/she is getting it (refers to a flexible object),kane'a,tsine'a,kanehsko'i,unehsv'i,hinaki,unehsti,Eventful,n,[H_alt=none],rev-e,r_stem,a_present,True,False,True,1,1,1,1,1
880,910,he/she is changing it,kanetliyv'a,tsinetliyv'a,kanetliyvhsko'i,unetliyvhsv'i,hinetliyvna,unetliyvhsti,Eventful,netliy,[H_alt=none],v-vhs,r_stem,a_present,True,False,False,1,1,1,1,1
880,910,he/she is changing it,kanetliyv'a,tsinetliyv'a,kanetliyvhsko'i,unetliyvhsv'i,hinetliyvna,unetliyvhsti,Eventful,netliy,[H_alt=none],v-vhs,r_stem,a_present,True,False,True,1,1,1,1,1
882,912,he/she is taking it somewhere by hand (refers to a long object),kaneka,tsineka,kaneko'i,uwanvhsv'i,hinuka,uwanvhsti,Eventful,n,[H_alt=none],go,long_stem,a_present,True,False,False,1,1,1,1,1
883,913,he/she is peeling him/her,kanekaliha,tsinekaliha,kanekalihsko'i,unekalvhv'i,hinekala,unekalhti,Eventful,nekal,[H_alt=none],ih-vh,r_stem,a_present,True,False,False,1,1,1,1,1
883,913,he/she is peeling him/her,kanekaliha,tsinekaliha,kanekalihsko'i,unekalvhv'i,hinekala,unekalhti,Eventful,nekal,[H_alt=none],ih-vh,r_stem,a_present,True,False,True,1,1,1,1,1
884,914,he/she is getting some liquid,kaneki'a,tsineki'a,kanekihsko'i,unekihsv'i,hineki,unekihsti,Eventful,ne,[H_alt=none],rev-gi,r_stem,a_present,True,False,False,1,1,1,1,1
884,914,he/she is getting some liquid,kaneki'a,tsineki'a,kanekihsko'i,unekihsv'i,hineki,unekihsti,Eventful,ne,[H_alt=none],rev-gi,r_stem,a_present,True,False,True,1,1,1,1,1
884,914,he/she is getting some liquid,kaneki'a,tsineki'a,kanekihsko'i,unekihsv'i,hineki,unekihsti,Eventful,nek,[H_alt=none],rev-i,r_stem,a_present,True,False,False,1,1,1,1,1
884,914,he/she is getting some liquid,kaneki'a,tsineki'a,kanekihsko'i,unekihsv'i,hineki,unekihsti,Eventful,nek,[H_alt=none],rev-i,r_stem,a_present,True,False,True,1,1,1,1,1
885,915,he/she is taking liquid from him/her,kaneki'eha,tsineki'eha,kaneki'eho'i,uneki'elv'i,hinekihsi,uneki'ehti,Eventful,neki',[H_alt=vowel_i],apl,r_stem,a_present,True,False,True,1,1,1,2,1
886,916,he/she is bewitching him/her,kanekuti'a,tsinekuti'a,kanekutihsko'i,unekutv'i,hinekuta,unekutihsti,Eventful,nekut,[H_alt=none],i-a-i,r_stem,a_present,True,False,False,1,1,1,1,1
886,916,he/she is bewitching him/her,kanekuti'a,tsinekuti'a,kanekutihsko'i,unekutv'i,hinekuta,unekutihsti,Eventful,nekut,[H_alt=none],i-a-i,r_stem,a_present,True,False,True,1,1,1,1,1
887,917,he/she is holding it in his/her hand (refers to a long object),kaneha,tsineha,kaneho'i,,hinehehsti,,StativeFutProg,n,[H_alt=none],stative-eh,long_stem,a_present,True,False,False,1,1,1,1,1
887,917,he/she is holding it in his/her hand (refers to a long object),kaneha,tsineha,kaneho'i,,hinehehsti,,StativeFutProg,n,[H_alt=none],stative-eh,r_stem,a_present,True,False,False,1,1,1,1,1
887,917,he/she is holding it in his/her hand (refers to a long object),kaneha,tsineha,kaneho'i,,hinehehsti,,StativeFutProg,n,[H_alt=none],stative-eh,r_stem,a_present,True,False,True,1,1,1,1,1
887,917,he/she is holding it in his/her hand (refers to a long object),kaneha,tsineha,kaneho'i,,hinehehsti,,StativeFutProg,ne,[H_alt=none],stative-h,long_stem,a_present,True,False,False,1,1,1,1,1
887,917,he/she is holding it in his/her hand (refers to a long object),kaneha,tsineha,kaneho'i,,hinehehsti,,StativeFutProg,ne,[H_alt=none],stative-h,r_stem,a_present,True,False,False,1,1,1,1,1
887,917,he/she is holding it in his/her hand (refers to a long object),kaneha,tsineha,kaneho'i,,hinehehsti,,StativeFutProg,ne,[H_alt=none],stative-h,r_stem,a_present,True,False,True,1,1,1,1,1
887,917,he/she is holding it in his/her hand (refers to a long object),kaneha,tsineha,kaneho'i,,hinehehsti,,StativeFutProg,neh,[H_alt=none],stative,long_stem,a_present,True,False,False,1,1,1,1,1
887,917,he/she is holding it in his/her hand (refers to a long object),kaneha,tsineha,kaneho'i,,hinehehsti,,StativeFutProg,neh,[H_alt=none],stative,r_stem,a_present,True,False,False,1,1,1,1,1
887,917,he/she is holding it in his/her hand (refers to a long object),kaneha,tsineha,kaneho'i,,hinehehsti,,StativeFutProg,neh,[H_alt=none],stative,r_stem,a_present,True,False,True,1,1,1,1,1
888,918,he/she is leaving some liquid,kanehiya'a,tsine'iya'a,kanehiyahsko'i,unehiyv'i,hinehiya,unehiyahsti,Eventful,nehiy,[H_alt=glot],a,r_stem,a_present,True,False,False,1,1,1,1,1
888,918,he/she is leaving some liquid,kanehiya'a,tsine'iya'a,kanehiyahsko'i,unehiyv'i,hinehiya,unehiyahsti,Eventful,nehiy,[H_alt=glot],a,r_stem,a_present,True,False,True,1,1,1,1,1
890,920,he/she is finding some liquid,kanewhahthiha,tsinewahthiha,kanewhahthihsko'i,unewhahthvhv'i,hinewhahtha,unewhahthvhti,Eventful,newhahth,[H_alt=drop],ih-vh,r_stem,a_present,True,False,False,1,1,1,1,2
890,920,he/she is finding some liquid,kanewhahthiha,tsinewahthiha,kanewhahthihsko'i,unewhahthvhv'i,hinewhahtha,unewhahthvhti,Eventful,newhahth,[H_alt=drop],ih-vh,r_stem,a_present,True,False,True,1,1,1,1,2
891,921,he/she is taking some liquid somewhere,kanewhitiha,tsinewitiha,kanewhitihsko'i,unewhitvhv'i,hinewhita,unewhithti,Eventful,newhit,[H_alt=drop],ih-vh,r_stem,a_present,True,False,False,1,1,1,1,1
891,921,he/she is taking some liquid somewhere,kanewhitiha,tsinewitiha,kanewhitihsko'i,unewhitvhv'i,hinewhita,unewhithti,Eventful,newhit,[H_alt=drop],ih-vh,r_stem,a_present,True,False,True,1,1,1,1,1
893,923,he/she lives (in sense of resides now),kanela,tsinela,kanelo'i,,hinelehsti,,StativeFutProg,nel,[H_alt=none],stative,long_stem,a_present,True,False,False,1,1,1,1,1
893,923,he/she lives (in sense of resides now),kanela,tsinela,kanelo'i,,hinelehsti,,StativeFutProg,nel,[H_alt=none],stative,r_stem,a_present,True,False,False,1,1,1,1,1
893,923,he/she lives (in sense of resides now),kanela,tsinela,kanelo'i,,hinelehsti,,StativeFutProg,nel,[H_alt=none],stative,r_stem,a_present,True,False,True,1,1,1,1,1
895,925,it’s freezing,kanehstalati'a,tsinehstalati'a,kanehstalatihsko'i,unehstalatv'i,hinehstalata,unehstalatihsti,Eventful,nehstalat,[H_alt=none],i-a-i,r_stem,a_present,True,False,False,1,1,1,1,1
895,925,it’s freezing,kanehstalati'a,tsinehstalati'a,kanehstalatihsko'i,unehstalatv'i,hinehstalata,unehstalatihsti,Eventful,nehstalat,[H_alt=none],i-a-i,r_stem,a_present,True,False,True,1,1,1,1,1
895,925,it’s freezing,kanehstalati'a,tsinehstalati'a,kanehstalatihsko'i,unehstalatv'i,hinehstalata,unehstalatihsti,Eventful,nestalat,[H_alt=none],i-a-i,r_stem,a_present,True,False,False,1,1,1,1,1
895,925,it’s freezing,kanehstalati'a,tsinehstalati'a,kanehstalatihsko'i,unehstalatv'i,hinehstalata,unehstalatihsti,Eventful,nestalat,[H_alt=none],i-a-i,r_stem,a_present,True,False,True,1,1,1,1,1
896,926,it’s hailing,kanehsoyhska,,kanehsoyhsko'i,unehsoyhsv'i,,unehsoyhsti,Eventful,anehsoy,[H_alt=none],sk-s-a,a_stem,a_present,True,False,False,1,1,1,1,2
896,926,it’s hailing,kanehsoyhska,,kanehsoyhsko'i,unehsoyhsv'i,,unehsoyhsti,Eventful,anehsoy,[H_alt=none],sk-s-a,a_stem,a_present,True,False,True,1,1,1,1,2
896,926,it’s hailing,kanehsoyhska,,kanehsoyhsko'i,unehsoyhsv'i,,unehsoyhsti,Eventful,anehsoy,[H_alt=none],sk-s-hst,a_stem,a_present,True,False,False,1,1,1,1,1
896,926,it’s hailing,kanehsoyhska,,kanehsoyhsko'i,unehsoyhsv'i,,unehsoyhsti,Eventful,anehsoy,[H_alt=none],sk-s-hst,a_stem,a_present,True,False,True,1,1,1,1,1
896,926,it’s hailing,kanehsoyhska,,kanehsoyhsko'i,unehsoyhsv'i,,unehsoyhsti,Eventful,anehsoy,[H_alt=none],sk-s-la,a_stem,a_present,True,False,False,1,1,1,1,1
896,926,it’s hailing,kanehsoyhska,,kanehsoyhsko'i,unehsoyhsv'i,,unehsoyhsti,Eventful,anehsoy,[H_alt=none],sk-s-la,a_stem,a_present,True,False,True,1,1,1,1,1
896,926,it’s hailing,kanehsoyhska,,kanehsoyhsko'i,unehsoyhsv'i,,unehsoyhsti,Eventful,anesoy,[H_alt=none],sk-s-a,a_stem,a_present,True,False,False,1,1,1,1,2
896,926,it’s hailing,kanehsoyhska,,kanehsoyhsko'i,unehsoyhsv'i,,unehsoyhsti,Eventful,anesoy,[H_alt=none],sk-s-a,a_stem,a_present,True,False,True,1,1,1,1,2
896,926,it’s hailing,kanehsoyhska,,kanehsoyhsko'i,unehsoyhsv'i,,unehsoyhsti,Eventful,anesoy,[H_alt=none],sk-s-hst,a_stem,a_present,True,False,False,1,1,1,1,1
896,926,it’s hailing,kanehsoyhska,,kanehsoyhsko'i,unehsoyhsv'i,,unehsoyhsti,Eventful,anesoy,[H_alt=none],sk-s-hst,a_stem,a_present,True,False,True,1,1,1,1,1
896,926,it’s hailing,kanehsoyhska,,kanehsoyhsko'i,unehsoyhsv'i,,unehsoyhsti,Eventful,anesoy,[H_alt=none],sk-s-la,a_stem,a_present,True,False,False,1,1,1,1,1
896,926,it’s hailing,kanehsoyhska,,kanehsoyhsko'i,unehsoyhsv'i,,unehsoyhsti,Eventful,anesoy,[H_alt=none],sk-s-la,a_stem,a_present,True,False,True,1,1,1,1,1
896,926,it’s hailing,kanehsoyhska,,kanehsoyhsko'i,unehsoyhsv'i,,unehsoyhsti,Eventful,nehsoy,[H_alt=none],sk-s-a,r_stem,a_present,True,False,False,1,1,1,1,2
896,926,it’s hailing,kanehsoyhska,,kanehsoyhsko'i,unehsoyhsv'i,,unehsoyhsti,Eventful,nehsoy,[H_alt=none],sk-s-a,r_stem,a_present,True,False,True,1,1,1,1,2
896,926,it’s hailing,kanehsoyhska,,kanehsoyhsko'i,unehsoyhsv'i,,unehsoyhsti,Eventful,nehsoy,[H_alt=none],sk-s-hst,r_stem,a_present,True,False,False,1,1,1,1,1
896,926,it’s hailing,kanehsoyhska,,kanehsoyhsko'i,unehsoyhsv'i,,unehsoyhsti,Eventful,nehsoy,[H_alt=none],sk-s-hst,r_stem,a_present,True,False,True,1,1,1,1,1
896,926,it’s hailing,kanehsoyhska,,kanehsoyhsko'i,unehsoyhsv'i,,unehsoyhsti,Eventful,nehsoy,[H_alt=none],sk-s-la,r_stem,a_present,True,False,False,1,1,1,1,1
896,926,it’s hailing,kanehsoyhska,,kanehsoyhsko'i,unehsoyhsv'i,,unehsoyhsti,Eventful,nehsoy,[H_alt=none],sk-s-la,r_stem,a_present,True,False,True,1,1,1,1,1
896,926,it’s hailing,kanehsoyhska,,kanehsoyhsko'i,unehsoyhsv'i,,unehsoyhsti,Eventful,nesoy,[H_alt=none],sk-s-a,r_stem,a_present,True,False,False,1,1,1,1,2
896,926,it’s hailing,kanehsoyhska,,kanehsoyhsko'i,unehsoyhsv'i,,unehsoyhsti,Eventful,nesoy,[H_alt=none],sk-s-a,r_stem,a_present,True,False,True,1,1,1,1,2
896,926,it’s hailing,kanehsoyhska,,kanehsoyhsko'i,unehsoyhsv'i,,unehsoyhsti,Eventful,nesoy,[H_alt=none],sk-s-hst,r_stem,a_present,True,False,False,1,1,1,1,1
896,926,it’s hailing,kanehsoyhska,,kanehsoyhsko'i,unehsoyhsv'i,,unehsoyhsti,Eventful,nesoy,[H_alt=none],sk-s-hst,r_stem,a_present,True,False,True,1,1,1,1,1
896,926,it’s hailing,kanehsoyhska,,kanehsoyhsko'i,unehsoyhsv'i,,unehsoyhsti,Eventful,nesoy,[H_alt=none],sk-s-la,r_stem,a_present,True,False,False,1,1,1,1,1
896,926,it’s hailing,kanehsoyhska,,kanehsoyhsko'i,unehsoyhsv'i,,unehsoyhsti,Eventful,nesoy,[H_alt=none],sk-s-la,r_stem,a_present,True,False,True,1,1,1,1,1
899,929,he/she is lying down,kanhka,tsinvka,kanhko'i,,hinhkehsti,,StativeFutProg,nh,[H_alt=vowel_v],stative-k,long_stem,a_present,True,False,False,1,1,1,1,1
899,929,he/she is lying down,kanhka,tsinvka,kanhko'i,,hinhkehsti,,StativeFutProg,nh,[H_alt=vowel_v],stative-k,r_stem,a_present,True,False,False,1,1,1,1,1
899,929,he/she is lying down,kanhka,tsinvka,kanhko'i,,hinhkehsti,,StativeFutProg,nh,[H_alt=vowel_v],stative-k,r_stem,a_present,True,False,True,1,1,1,1,1
899,929,he/she is lying down,kanhka,tsinvka,kanhko'i,,hinhkehsti,,StativeFutProg,nhk,[H_alt=vowel_v],stative,long_stem,a_present,True,False,False,1,1,1,1,1
899,929,he/she is lying down,kanhka,tsinvka,kanhko'i,,hinhkehsti,,StativeFutProg,nhk,[H_alt=vowel_v],stative,r_stem,a_present,True,False,False,1,1,1,1,1
899,929,he/she is lying down,kanhka,tsinvka,kanhko'i,,hinhkehsti,,StativeFutProg,nhk,[H_alt=vowel_v],stative,r_stem,a_present,True,False,True,1,1,1,1,1
901,931,he/she is agitating liquid,kanhkwa'eha,tsinhkwa'eha,kanhkwa'ehsko'i,unhkwa'ehv'i,hinhkwa'vla,unhkwa'ehti,Eventful,nhkwa',[H_alt=none],apl-active,r_stem,a_present,True,False,False,1,1,1,1,1
901,931,he/she is agitating liquid,kanhkwa'eha,tsinhkwa'eha,kanhkwa'ehsko'i,unhkwa'ehv'i,hinhkwa'vla,unhkwa'ehti,Eventful,nhkwa',[H_alt=none],apl-active,r_stem,a_present,True,False,True,1,1,1,1,1
902,932,he/she is taking a liquid somewhere by hand,kanhtseka,tsinvtseka,kanhtseko'i,unhtsvhsv'i,hinhtsuka,unhtsvhsti,Eventful,nhths,[H_alt=vowel_v],go,r_stem,a_present,True,False,False,1,1,1,1,1
902,932,he/she is taking a liquid somewhere by hand,kanhtseka,tsinvtseka,kanhtseko'i,unhtsvhsv'i,hinhtsuka,unhtsvhsti,Eventful,nhths,[H_alt=vowel_v],go,r_stem,a_present,True,False,True,1,1,1,1,1
902,932,he/she is taking a liquid somewhere by hand,kanhtseka,tsinvtseka,kanhtseko'i,unhtsvhsv'i,hinhtsuka,unhtsvhsti,Eventful,nhts,[H_alt=vowel_v],go,r_stem,a_present,True,False,False,1,1,1,1,1
902,932,he/she is taking a liquid somewhere by hand,kanhtseka,tsinvtseka,kanhtseko'i,unhtsvhsv'i,hinhtsuka,unhtsvhsti,Eventful,nhts,[H_alt=vowel_v],go,r_stem,a_present,True,False,True,1,1,1,1,1
903,933,he/she is holding some liquid,kanhtseha,tsinvtseha,kanhtseho'i,,hinhtsehehsti,,StativeFutProg,nhths,[H_alt=vowel_v],stative-eh,long_stem,a_present,True,False,False,1,1,1,1,1
903,933,he/she is holding some liquid,kanhtseha,tsinvtseha,kanhtseho'i,,hinhtsehehsti,,StativeFutProg,nhths,[H_alt=vowel_v],stative-eh,r_stem,a_present,True,False,False,1,1,1,1,1
903,933,he/she is holding some liquid,kanhtseha,tsinvtseha,kanhtseho'i,,hinhtsehehsti,,StativeFutProg,nhths,[H_alt=vowel_v],stative-eh,r_stem,a_present,True,False,True,1,1,1,1,1
903,933,he/she is holding some liquid,kanhtseha,tsinvtseha,kanhtseho'i,,hinhtsehehsti,,StativeFutProg,nhthse,[H_alt=vowel_v],stative-h,long_stem,a_present,True,False,False,1,1,1,1,1
903,933,he/she is holding some liquid,kanhtseha,tsinvtseha,kanhtseho'i,,hinhtsehehsti,,StativeFutProg,nhthse,[H_alt=vowel_v],stative-h,r_stem,a_present,True,False,False,1,1,1,1,1
903,933,he/she is holding some liquid,kanhtseha,tsinvtseha,kanhtseho'i,,hinhtsehehsti,,StativeFutProg,nhthse,[H_alt=vowel_v],stative-h,r_stem,a_present,True,False,True,1,1,1,1,1
903,933,he/she is holding some liquid,kanhtseha,tsinvtseha,kanhtseho'i,,hinhtsehehsti,,StativeFutProg,nhthseh,[H_alt=vowel_v],stative,long_stem,a_present,True,False,False,1,1,1,1,1
903,933,he/she is holding some liquid,kanhtseha,tsinvtseha,kanhtseho'i,,hinhtsehehsti,,StativeFutProg,nhthseh,[H_alt=vowel_v],stative,r_stem,a_present,True,False,False,1,1,1,1,1
903,933,he/she is holding some liquid,kanhtseha,tsinvtseha,kanhtseho'i,,hinhtsehehsti,,StativeFutProg,nhthseh,[H_alt=vowel_v],stative,r_stem,a_present,True,False,True,1,1,1,1,1
903,933,he/she is holding some liquid,kanhtseha,tsinvtseha,kanhtseho'i,,hinhtsehehsti,,StativeFutProg,nhts,[H_alt=vowel_v],stative-eh,long_stem,a_present,True,False,False,1,1,1,1,1
903,933,he/she is holding some liquid,kanhtseha,tsinvtseha,kanhtseho'i,,hinhtsehehsti,,StativeFutProg,nhts,[H_alt=vowel_v],stative-eh,r_stem,a_present,True,False,False,1,1,1,1,1
903,933,he/she is holding some liquid,kanhtseha,tsinvtseha,kanhtseho'i,,hinhtsehehsti,,StativeFutProg,nhts,[H_alt=vowel_v],stative-eh,r_stem,a_present,True,False,True,1,1,1,1,1
903,933,he/she is holding some liquid,kanhtseha,tsinvtseha,kanhtseho'i,,hinhtsehehsti,,StativeFutProg,nhtse,[H_alt=vowel_v],stative-h,long_stem,a_present,True,False,False,1,1,1,1,1
903,933,he/she is holding some liquid,kanhtseha,tsinvtseha,kanhtseho'i,,hinhtsehehsti,,StativeFutProg,nhtse,[H_alt=vowel_v],stative-h,r_stem,a_present,True,False,False,1,1,1,1,1
903,933,he/she is holding some liquid,kanhtseha,tsinvtseha,kanhtseho'i,,hinhtsehehsti,,StativeFutProg,nhtse,[H_alt=vowel_v],stative-h,r_stem,a_present,True,False,True,1,1,1,1,1
903,933,he/she is holding some liquid,kanhtseha,tsinvtseha,kanhtseho'i,,hinhtsehehsti,,StativeFutProg,nhtseh,[H_alt=vowel_v],stative,long_stem,a_present,True,False,False,1,1,1,1,1
903,933,he/she is holding some liquid,kanhtseha,tsinvtseha,kanhtseho'i,,hinhtsehehsti,,StativeFutProg,nhtseh,[H_alt=vowel_v],stative,r_stem,a_present,True,False,False,1,1,1,1,1
903,933,he/she is holding some liquid,kanhtseha,tsinvtseha,kanhtseho'i,,hinhtsehehsti,,StativeFutProg,nhtseh,[H_alt=vowel_v],stative,r_stem,a_present,True,False,True,1,1,1,1,1
904,934,he/she is handling some liquid,kanhtsitoha,tsinvtsitoha,kanhtsitoho'i,unhtsitolv'i,hinhtsita,unhtsitahsti,Eventful,nhthsit,[H_alt=vowel_v],be-at,r_stem,a_present,True,False,False,1,1,1,1,1
904,934,he/she is handling some liquid,kanhtsitoha,tsinvtsitoha,kanhtsitoho'i,unhtsitolv'i,hinhtsita,unhtsitahsti,Eventful,nhthsit,[H_alt=vowel_v],be-at,r_stem,a_present,True,False,True,1,1,1,1,1
904,934,he/she is handling some liquid,kanhtsitoha,tsinvtsitoha,kanhtsitoho'i,unhtsitolv'i,hinhtsita,unhtsitahsti,Eventful,nhtsit,[H_alt=vowel_v],be-at,r_stem,a_present,True,False,False,1,1,1,1,1
904,934,he/she is handling some liquid,kanhtsitoha,tsinvtsitoha,kanhtsitoho'i,unhtsitolv'i,hinhtsita,unhtsitahsti,Eventful,nhtsit,[H_alt=vowel_v],be-at,r_stem,a_present,True,False,True,1,1,1,1,1
908,938,he/she is handling it (refers to a long object),kanitoha,tsinitoha,kanitoho'i,uwanitolv'i,hinita,uwanitahsti,Eventful,nit,[H_alt=none],be-at,long_stem,a_present,True,False,False,1,1,1,1,1
909,939,he/she hates him/her,kanikwathiha,tsinikwathiha,kanikwathiho'i,unikwathilhv'i,hinikwathika,unikwathihsti,Eventful,nikwat,[H_alt=none],hih-hilh,r_stem,a_present,True,False,False,1,1,1,1,1
909,939,he/she hates him/her,kanikwathiha,tsinikwathiha,kanikwathiho'i,unikwathilhv'i,hinikwathika,unikwathihsti,Eventful,nikwat,[H_alt=none],hih-hilh,r_stem,a_present,True,False,True,1,1,1,1,1
910,940,he/she is setting up a bed,kanilhati'a,tsinilhati'a,kanilhatihsko'i,unilhatv'i,hinilhata,unilhatihsti,Eventful,nilhat,[H_alt=none],i-a-i,r_stem,a_present,True,False,False,1,1,1,1,1
910,940,he/she is setting up a bed,kanilhati'a,tsinilhati'a,kanilhatihsko'i,unilhatv'i,hinilhata,unilhatihsti,Eventful,nilhat,[H_alt=none],i-a-i,r_stem,a_present,True,False,True,1,1,1,1,1
913,943,he/she is pleading,kanilati'a,tsinilati'a,kanilatihsko'i,unilatv'i,hinilata,unilatihsti,Eventful,nilat,[H_alt=none],i-a-i,r_stem,a_present,True,False,False,1,1,1,1,1
913,943,he/she is pleading,kanilati'a,tsinilati'a,kanilatihsko'i,unilatv'i,hinilata,unilatihsti,Eventful,nilat,[H_alt=none],i-a-i,r_stem,a_present,True,False,True,1,1,1,1,1
918,948,he/she is hunting,kanohalitoha,tsino'alitoha,kanohalitoho'i,unohalitolv'i,hinohalita,unohalitahsti,Eventful,nohalit,[H_alt=glot],be-at,r_stem,a_present,True,False,False,1,1,1,1,1
918,948,he/she is hunting,kanohalitoha,tsino'alitoha,kanohalitoho'i,unohalitolv'i,hinohalita,unohalitahsti,Eventful,nohalit,[H_alt=glot],be-at,r_stem,a_present,True,False,True,1,1,1,1,1
921,951,it’s flooding,kanohuki'a,,kanohukihsko'i,unohukanv'i,,unohukoti,Eventful,anohuk,[H_alt=none],i-vka,a_stem,a_present,True,False,False,1,1,1,1,1
921,951,it’s flooding,kanohuki'a,,kanohukihsko'i,unohukanv'i,,unohukoti,Eventful,anohuk,[H_alt=none],i-vka,a_stem,a_present,True,False,True,1,1,1,1,1
921,951,it’s flooding,kanohuki'a,,kanohukihsko'i,unohukanv'i,,unohukoti,Eventful,nohuk,[H_alt=none],i-vka,r_stem,a_present,True,False,False,1,1,1,1,1
921,951,it’s flooding,kanohuki'a,,kanohukihsko'i,unohukanv'i,,unohukoti,Eventful,nohuk,[H_alt=none],i-vka,r_stem,a_present,True,False,True,1,1,1,1,1
924,954,it is blowing (refers to wind),kanolv'vhska,,kanolv'vhsko'i,unolvnv'i,,unolvti,Eventful,anol,[H_alt=none],vsk-long,a_stem,a_present,True,False,False,1,1,1,1,1
924,954,it is blowing (refers to wind),kanolv'vhska,,kanolv'vhsko'i,unolvnv'i,,unolvti,Eventful,anol,[H_alt=none],vsk-long,a_stem,a_present,True,False,True,1,1,1,1,1
924,954,it is blowing (refers to wind),kanolv'vhska,,kanolv'vhsko'i,unolvnv'i,,unolvti,Eventful,anolv,[H_alt=none],vsk-post-v,a_stem,a_present,True,False,False,1,1,1,1,1
924,954,it is blowing (refers to wind),kanolv'vhska,,kanolv'vhsko'i,unolvnv'i,,unolvti,Eventful,anolv,[H_alt=none],vsk-post-v,a_stem,a_present,True,False,True,1,1,1,1,1
924,954,it is blowing (refers to wind),kanolv'vhska,,kanolv'vhsko'i,unolvnv'i,,unolvti,Eventful,nol,[H_alt=none],vsk-long,r_stem,a_present,True,False,False,1,1,1,1,1
924,954,it is blowing (refers to wind),kanolv'vhska,,kanolv'vhsko'i,unolvnv'i,,unolvti,Eventful,nol,[H_alt=none],vsk-long,r_stem,a_present,True,False,True,1,1,1,1,1
924,954,it is blowing (refers to wind),kanolv'vhska,,kanolv'vhsko'i,unolvnv'i,,unolvti,Eventful,nolv,[H_alt=none],vsk-post-v,r_stem,a_present,True,False,False,1,1,1,1,1
924,954,it is blowing (refers to wind),kanolv'vhska,,kanolv'vhsko'i,unolvnv'i,,unolvti,Eventful,nolv,[H_alt=none],vsk-post-v,r_stem,a_present,True,False,True,1,1,1,1,1
925,955,he/she is stealing it,kanohski'a,tsinohski'a,kanohskihsko'i,unohskihsv'i,hinohski,unohskihsti,Eventful,nohs,[H_alt=none],rev-gi,r_stem,a_present,True,False,False,1,1,1,1,1
925,955,he/she is stealing it,kanohski'a,tsinohski'a,kanohskihsko'i,unohskihsv'i,hinohski,unohskihsti,Eventful,nohs,[H_alt=none],rev-gi,r_stem,a_present,True,False,True,1,1,1,1,1
925,955,he/she is stealing it,kanohski'a,tsinohski'a,kanohskihsko'i,unohskihsv'i,hinohski,unohskihsti,Eventful,nohsk,[H_alt=none],rev-i,r_stem,a_present,True,False,False,1,1,1,1,1
925,955,he/she is stealing it,kanohski'a,tsinohski'a,kanohskihsko'i,unohskihsv'i,hinohski,unohskihsti,Eventful,nohsk,[H_alt=none],rev-i,r_stem,a_present,True,False,True,1,1,1,1,1
925,955,he/she is stealing it,kanohski'a,tsinohski'a,kanohskihsko'i,unohskihsv'i,hinohski,unohskihsti,Eventful,nos,[H_alt=none],rev-gi,r_stem,a_present,True,False,False,1,1,1,1,1
925,955,he/she is stealing it,kanohski'a,tsinohski'a,kanohskihsko'i,unohskihsv'i,hinohski,unohskihsti,Eventful,nos,[H_alt=none],rev-gi,r_stem,a_present,True,False,True,1,1,1,1,1
925,955,he/she is stealing it,kanohski'a,tsinohski'a,kanohskihsko'i,unohskihsv'i,hinohski,unohskihsti,Eventful,nosk,[H_alt=none],rev-i,r_stem,a_present,True,False,False,1,1,1,1,1
925,955,he/she is stealing it,kanohski'a,tsinohski'a,kanohskihsko'i,unohskihsv'i,hinohski,unohskihsti,Eventful,nosk,[H_alt=none],rev-i,r_stem,a_present,True,False,True,1,1,1,1,1
928,958,he/she is sinking,kanoyvka,tsinoyvka,kanoyvko'i,unoyvtsv'i,hinoyvki,unoyv'ihsti,Eventful,noyv,[H_alt=none],become,r_stem,a_present,True,False,False,1,1,1,1,2
928,958,he/she is sinking,kanoyvka,tsinoyvka,kanoyvko'i,unoyvtsv'i,hinoyvki,unoyv'ihsti,Eventful,noyv,[H_alt=none],become,r_stem,a_present,True,False,True,1,1,1,1,2
929,959,he/she is pulling him/her,kanhsane'a,tsinahsane'a,kanhsanehsko'i,unhsanehsv'i,hinahsanaki,unhsanehsti,Eventful,nhsan,[H_alt=vowel_a],rev-e,r_stem,a_present,True,False,True,1,1,1,1,1
931,961,he/she is dragging him/her,kanhsineka,tsinahsineka,kanhsineko'i,unhsinvhsv'i,hinahsinuka,unhsinvhsti,Eventful,nhsin,[H_alt=vowel_a],go,r_stem,a_present,True,False,True,1,1,1,1,1
932,962,he/she is exiting,kanukoka,tsinukoka,kanukoko'i,unukotsv'i,hinuko'i,unukohsti,Eventful,nu,[H_alt=none],ko-kots,r_stem,a_present,True,False,False,1,1,1,1,1
932,962,he/she is exiting,kanukoka,tsinukoka,kanukoko'i,unukotsv'i,hinuko'i,unukohsti,Eventful,nu,[H_alt=none],ko-kots,r_stem,a_present,True,False,True,1,1,1,1,1
937,967,he/she is twisting him/her,kanutheyoha,tsinutheyoha,kanutheyoho'i,unutheyolv'i,hinutheyaka,unutheyahsti,Eventful,nuthey,[H_alt=none],oh-ol,r_stem,a_present,True,False,False,1,1,1,1,3
937,967,he/she is twisting him/her,kanutheyoha,tsinutheyoha,kanutheyoho'i,unutheyolv'i,hinutheyaka,unutheyahsti,Eventful,nuthey,[H_alt=none],oh-ol,r_stem,a_present,True,False,True,1,1,1,1,3
938,968,he/she is missing him/her (refers to as a target),kanvti'a,tsinvti'a,kanvtihsko'i,unvtv'i,hinvta,unvtihsti,Eventful,nvt,[H_alt=none],i-a-i,r_stem,a_present,True,False,False,1,1,1,1,1
938,968,he/she is missing him/her (refers to as a target),kanvti'a,tsinvti'a,kanvtihsko'i,unvtv'i,hinvta,unvtihsti,Eventful,nvt,[H_alt=none],i-a-i,r_stem,a_present,True,False,True,1,1,1,1,1
940,970,he/she is falling from an upright position,kanvka,tsinvka,kanvko'i,unvtsv'i,hinvki,unv'ihsti,Eventful,nv,[H_alt=none],become,r_stem,a_present,True,False,False,1,1,1,1,2
940,970,he/she is falling from an upright position,kanvka,tsinvka,kanvko'i,unvtsv'i,hinvki,unv'ihsti,Eventful,nv,[H_alt=none],become,r_stem,a_present,True,False,True,1,1,1,1,2
941,971,he/she is cleaning him/her,kanvkaliha,tsinvkali'a,kanvkalihsko'i,unvkalvhv'i,hinvkala,unvkalhti,Eventful,nvkal,[H_alt=glot],ih-vh,r_stem,a_present,True,False,False,1,1,1,1,1
941,971,he/she is cleaning him/her,kanvkaliha,tsinvkali'a,kanvkalihsko'i,unvkalvhv'i,hinvkala,unvkalhti,Eventful,nvkal,[H_alt=glot],ih-vh,r_stem,a_present,True,False,True,1,1,1,1,1
942,972,he/she is hammering it,kanvkwalo'a,tsinvkwalo'a,kanvkwalohsko'i,unvkwalo'v'i,hinvkwalotsa,unvkwalohsti,Eventful,nvkwal,[H_alt=none],o,r_stem,a_present,True,False,False,1,1,1,1,1
942,972,he/she is hammering it,kanvkwalo'a,tsinvkwalo'a,kanvkwalohsko'i,unvkwalo'v'i,hinvkwalotsa,unvkwalohsti,Eventful,nvkwal,[H_alt=none],o,r_stem,a_present,True,False,True,1,1,1,1,1
946,976,he/she is tying up a leg,kanvlhohiha,tsinvlhohiha,kanvlhohiho'i,unvlholhv'i,hinvlhoka,unvlhohsti,Eventful,nvlho,[H_alt=none],hih-lh,r_stem,a_present,True,False,False,1,1,1,1,1
946,976,he/she is tying up a leg,kanvlhohiha,tsinvlhohiha,kanvlhohiho'i,unvlholhv'i,hinvlhoka,unvlhohsti,Eventful,nvlho,[H_alt=none],hih-lh,r_stem,a_present,True,False,True,1,1,1,1,1
949,979,he/she is tossing about,kanvtsitoha,tsinvtsitoha,kanvtsitoho'i,unvtsitolv'i,hinvtsita,unvtsitahsti,Eventful,nvthsit,[H_alt=none],be-at,r_stem,a_present,True,False,False,1,1,1,1,1
949,979,he/she is tossing about,kanvtsitoha,tsinvtsitoha,kanvtsitoho'i,unvtsitolv'i,hinvtsita,unvtsitahsti,Eventful,nvthsit,[H_alt=none],be-at,r_stem,a_present,True,False,True,1,1,1,1,1
949,979,he/she is tossing about,kanvtsitoha,tsinvtsitoha,kanvtsitoho'i,unvtsitolv'i,hinvtsita,unvtsitahsti,Eventful,nvtsit,[H_alt=none],be-at,r_stem,a_present,True,False,False,1,1,1,1,1
949,979,he/she is tossing about,kanvtsitoha,tsinvtsitoha,kanvtsitoho'i,unvtsitolv'i,hinvtsita,unvtsitahsti,Eventful,nvtsit,[H_alt=none],be-at,r_stem,a_present,True,False,True,1,1,1,1,1
950,980,he/she is giving him/her an object (refers to a flexible object),kanvneha,tsinvneha,kanvneho'i,unvnelv'i,hinvhsi,unvnehti,Eventful,nvn,[H_alt=vowel_v],apl,r_stem,a_present,True,False,True,1,1,1,2,1
955,985,he/she is pushing him/her,kahsatohska,tsiyahsatohska,kahsatohsko'i,uwahsatoyhv'i,hiyahsatoyha,uwahsatohsti,Eventful,hsato,[H_alt=none],sk-h-yh,long_stem,a_present,True,False,True,1,1,1,1,1
956,986,he/she is rolling him/her,kahsakwalehiha,tsiyahsakwalehiha,kahsakwalehiho'i,uwahsakwalelhv'i,hiyahsakwaleka,uwahsakwalehsti,Eventful,hsakwale,[H_alt=none],hih-lh,long_stem,a_present,True,False,True,1,1,1,1,1
960,990,he/she is attaching the object behind it (refers to a flexible object),kahsanenatvhska,tsihsanenatvhska,kahsanenatvhsko'i,uwahsanenatvnv'i,hihsanenatvka,uwahsanenatvti,Eventful,hsanenat,[H_alt=none],vsk,long_stem,a_present,True,False,False,1,1,1,1,1
969,999,he/she is piling it up,kahsvthvhska,tsihsvthvhska,kahsvthvhsko'i,uwahsvthanv'i,hihsvthvka,uwahsvthti,Eventful,hsvt,[H_alt=none],hvsk-han,long_stem,a_present,True,False,False,1,1,1,1,1
970,1000,it’s hanging,katha,,katho'i,,hathehsti,,StativeFutProg,at,[H_alt=none],stative-h,a_stem,a_present,True,False,False,1,1,1,1,1
970,1000,it’s hanging,katha,,katho'i,,hathehsti,,StativeFutProg,at,[H_alt=none],stative-h,a_stem,a_present,True,False,True,1,1,1,1,1
970,1000,it’s hanging,katha,,katho'i,,hathehsti,,StativeFutProg,ath,[H_alt=none],stative,a_stem,a_present,True,False,False,1,1,1,1,1
970,1000,it’s hanging,katha,,katho'i,,hathehsti,,StativeFutProg,ath,[H_alt=none],stative,a_stem,a_present,True,False,True,1,1,1,1,1
973,1003,he/she is stabbing him/her,kathiha,tsiyathiha,kathiho'i,uwathilhv'i,hiyathika,uwathihsti,Eventful,t,[H_alt=none],hih-hilh,long_stem,a_present,True,False,True,1,1,1,1,1
979,1009,he/she is bathing him/her,kawo'a,tsiyawo'a,kawohsko'i,uwo'v'i,hiyawotsa,uwohsti,Eventful,aw,[H_alt=none],o,a_stem,a_present,True,False,True,1,1,1,1,1
980,1010,he/she is replying,kawohiliyv'a,kawo'iliyv'a,kawohiliyvhsko'i,uwohiliyvhsv'i,hawohiliyvna,uwohiliyvhsti,Eventful,awohiliy,[H_alt=glot],v-vhs,a_stem,a_present,True,False,False,1,1,1,1,1
981,1011,he/she is lecturing him/her,kawonhtiha,tsiwonhtiha,kawonhtihsko'i,uwonhthanv'i,hiwonhta,uwonhtohti,Eventful,wonht,[H_alt=none],cause,r_stem,a_present,True,False,False,1,1,1,1,1
981,1011,he/she is lecturing him/her,kawonhtiha,tsiwonhtiha,kawonhtihsko'i,uwonhthanv'i,hiwonhta,uwonhtohti,Eventful,wonht,[H_alt=none],cause,r_stem,a_present,True,False,True,1,1,1,1,1
983,1013,he/she is speaking,kawoniha,tsiwoniha,kawonihsko'i,uwonihsv'i,hiwonihi,uwonihihsti,Eventful,won,[H_alt=none],ih-ihi,r_stem,a_present,True,False,False,1,1,1,1,1
983,1013,he/she is speaking,kawoniha,tsiwoniha,kawonihsko'i,uwonihsv'i,hiwonihi,uwonihihsti,Eventful,won,[H_alt=none],ih-ihi,r_stem,a_present,True,False,True,1,1,1,1,1
986,1016,he/she is sewing it,kayewhska,tsiyewihska,kayewhsko'i,uwayewhsv'i,hiyewa,uwayewhsti,Eventful,yew,[H_alt=vowel_i],sk-s-a,long_stem,a_present,True,False,False,1,1,1,1,2
993,1023,he/she is howling,kelhuhvhska,keluhvhska,kelhuhvhsko'i,uwelhunhv'i,helhuhvka,uwelhuhvhsti,Eventful,elhu,[H_alt=drop],hvsk-nh,vowel_stem,a_present,True,False,False,1,1,1,1,3
997,1027,he/she is leading it by a leash,kelihsineha,tsiyelihsineha,kelihsineho'i,,hiyelihsinehehsti,uwelihsinvhsti,StativeFutProg,elihsin,[H_alt=none],stative-eh,vowel_stem,a_present,True,False,True,1,1,1,1,1
997,1027,he/she is leading it by a leash,kelihsineha,tsiyelihsineha,kelihsineho'i,,hiyelihsinehehsti,uwelihsinvhsti,StativeFutProg,elihsine,[H_alt=none],stative-h,vowel_stem,a_present,True,False,True,1,1,1,1,1
997,1027,he/she is leading it by a leash,kelihsineha,tsiyelihsineha,kelihsineho'i,,hiyelihsinehehsti,uwelihsinvhsti,StativeFutProg,elihsineh,[H_alt=none],stative,vowel_stem,a_present,True,False,True,1,1,1,1,1
997,1027,he/she is leading it by a leash,kelihsineha,tsiyelihsineha,kelihsineho'i,,hiyelihsinehehsti,uwelihsinvhsti,StativeFutProg,elisin,[H_alt=none],stative-eh,vowel_stem,a_present,True,False,True,1,1,1,1,1
997,1027,he/she is leading it by a leash,kelihsineha,tsiyelihsineha,kelihsineho'i,,hiyelihsinehehsti,uwelihsinvhsti,StativeFutProg,elisine,[H_alt=none],stative-h,vowel_stem,a_present,True,False,True,1,1,1,1,1
997,1027,he/she is leading it by a leash,kelihsineha,tsiyelihsineha,kelihsineho'i,,hiyelihsinehehsti,uwelihsinvhsti,StativeFutProg,elisineh,[H_alt=none],stative,vowel_stem,a_present,True,False,True,1,1,1,1,1
1014,1044,he/she is leading him/her by the hand,kohineka,tsiyo'ineka,kohineko'i,uwohinvhsv'i,hiyo'inuka,uwohinvhsti,Eventful,ohin,[H_alt=glot],go,vowel_stem,a_present,True,False,True,1,1,1,1,1
1015,1045,he/she is agreeing with him/her,kohiyhtaneha,tsiyo'iyhtaneha,kohiyhtaneho'i,uwohiyhtanelv'i,hiyo'iyhtahsi,uwohiyhtanehti,Eventful,ohiyhtan,[H_alt=glot],apl,vowel_stem,a_present,True,False,True,1,1,1,1,1
1017,1047,he/she is recognizing him/her,kolhka,tsiyolika,kolhko'i,uwolhtsv'i,hiyoliki,uwolhihsti,Eventful,olh,[H_alt=vowel_i],become,vowel_stem,a_present,True,False,True,1,1,1,1,4
1018,1048,he/she understands it,kolhka,kolika,kolhko'i,uwolhtsv'i,holhki,uwolhihsti,Eventful,olh,[H_alt=vowel_i],become,vowel_stem,a_present,True,False,False,1,1,1,1,4
1021,1051,he/she is getting full,kolhvhska,kolvhska,kolhvhsko'i,uwolhvhsv'i,holhvhi,uwolhvhihsti,Eventful,olhv,[H_alt=drop],sk-s-hi-hihst,vowel_stem,a_present,True,False,False,1,1,1,1,1
1022,1052,he/she is making it,kolhvhska,kolhvhska,kolhvhsko'i,uwolhvnhv'i,holhvna,uwolhvnhti,Eventful,olh,[H_alt=none],vnh-vsk,vowel_stem,a_present,True,False,False,1,1,1,1,3
1023,1053,he/she is making it fall (refers to a round‚ long object),kohonhtiha,ko'onhtiha,kohonhtihsko'i,uwohonhthanv'i,hohonhta,uwohonhtohti,Eventful,ohonht,[H_alt=glot],cause,vowel_stem,a_present,True,False,False,1,1,1,1,1
1024,1054,it’s falling (refers to a round‚ long object),kohohska,ko'ohska,kohohsko'i,uwohohsv'i,hohohi,uwohohihsti,Eventful,oho,[H_alt=glot],sk-s-hi-hihst,vowel_stem,a_present,True,False,False,1,1,1,1,1
1027,1057,he/she is writing it,kowheli'a,koweli'a,kowhelihsko'i,uwowhelanv'i,howhelvka,uwowheloti,Eventful,owhel,[H_alt=drop],i-vka,vowel_stem,a_present,True,False,False,1,1,1,1,1
1030,1061,he/she is pulling a trigger,kotsane'a,kotsane'a,kotsanehsko'i,uwotsanehsv'i,hotsanaki,uwotsanehsti,Eventful,othsan,[H_alt=none],rev-e,vowel_stem,a_present,True,False,False,1,1,1,1,1
1030,1061,he/she is pulling a trigger,kotsane'a,kotsane'a,kotsanehsko'i,uwotsanehsv'i,hotsanaki,uwotsanehsti,Eventful,otsan,[H_alt=none],rev-e,vowel_stem,a_present,True,False,False,1,1,1,1,1
1038,1069,he/she is batting it,kohstvniha,kohstvniha,kohstvniho'i,uwohstvnilv'i,hohstvnika,uwohstvnihsti,Eventful,ohstvn,[H_alt=none],ih-il,vowel_stem,a_present,True,False,False,1,1,1,1,1
1038,1069,he/she is batting it,kohstvniha,kohstvniha,kohstvniho'i,uwohstvnilv'i,hohstvnika,uwohstvnihsti,Eventful,ostvn,[H_alt=none],ih-il,vowel_stem,a_present,True,False,False,1,1,1,1,1
1040,1071,he/she is saying to him/her,kohseha,tsiyohseha,kohseho'i,uwohselv'i,hiyohsi,uwohsehti,Eventful,ohs,[H_alt=none],apl,vowel_stem,a_present,True,False,True,1,1,1,2,1
1040,1071,he/she is saying to him/her,kohseha,tsiyohseha,kohseho'i,uwohselv'i,hiyohsi,uwohsehti,Eventful,os,[H_alt=none],apl,vowel_stem,a_present,True,False,True,1,1,1,1,1
1041,1072,it’s swelling,kothihska,kothihska,kothihsko'i,uwothihsv'i,hothihi,uwothihihsti,Eventful,othi,[H_alt=none],sk-s-hi-hihst,vowel_stem,a_present,True,False,False,1,1,1,1,1
1043,1074,he/she is building a fire,kothvhska,kotvhska,kothvhsko'i,uwothanv'i,hothvka,uwothti,Eventful,ot,[H_alt=drop],hvsk-han,vowel_stem,a_present,True,False,False,1,1,1,1,1
1044,1075,he/she is unhitching him/her,kutale'a,tsiyutale'a,kutalehsko'i,uwutalehsv'i,hiyutalaki,uwutalehsti,Eventful,utal,[H_alt=none],rev-e,vowel_stem,a_present,True,False,True,1,1,1,1,1
1045,1076,he/she is hitching him/her up,kutalvhska,tsiyutalvhska,kutalvhsko'i,uwutalvnv'i,hiyutalv'vka,uwutalvti,Eventful,utal,[H_alt=none],vsk,vowel_stem,a_present,True,False,True,1,1,1,2,1
1050,1081,he/she is putting a handle on a tool,kuhalhvhska,ku'alhvhska,kuhalhvhsko'i,uwuhalhanv'i,huhalhvka,uwuhalhti,Eventful,uhal,[H_alt=glot],hvsk-han,vowel_stem,a_present,True,False,False,1,1,1,1,1
1052,1083,he/she is washing it,kuhilo'a,ku'ilo'a,kuhilohsko'i,uwuhilo'v'i,huhilotsa,uwuhilohsti,Eventful,uhil,[H_alt=glot],o,vowel_stem,a_present,True,False,False,1,1,1,1,1
1053,1084,he/she is accusing him/her,kuhihstiha,tsiyu'ihstiha,kuhihstihsko'i,uwuhihsthanv'i,hiyu'ihsta,uwuhihstohti,Eventful,uhihst,[H_alt=glot],cause,vowel_stem,a_present,True,False,True,1,1,1,1,1
1053,1084,he/she is accusing him/her,kuhihstiha,tsiyu'ihstiha,kuhihstihsko'i,uwuhihsthanv'i,hiyu'ihsta,uwuhihstohti,Eventful,uhist,[H_alt=glot],cause,vowel_stem,a_present,True,False,True,1,1,1,1,1
1055,1086,he/she is covering it,kulhvhska,kulhvhska,kulhvhsko'i,uwulhvnv'i,hulhv'vka,uwulhvti,Eventful,ulh,[H_alt=none],vsk,vowel_stem,a_present,True,False,False,1,1,1,2,1
1056,1087,he/she is putting it in water,kuhvhska,ku'vhska,kuhvhsko'i,uwunhv'i,huhvka,uwuhti,Eventful,u,[H_alt=glot],hvsk-nh,vowel_stem,a_present,True,False,False,1,1,1,1,1
1060,1091,he/she is picking him/her up,kuthe'a,tsiyuthe'a,kuthehsko'i,uwuthehsv'i,hiyuthaki,uwuthehsti,Eventful,uth,[H_alt=none],rev-e,vowel_stem,a_present,True,False,True,1,1,1,1,1
1061,1092,it’s snowing,kuthiha,,kuthihsko'i,uwuthanhv'i,,uwuthohti,Eventful,uth,[H_alt=none],cause,vowel_stem,a_present,True,False,False,1,1,2,1,1
1061,1092,it’s snowing,kuthiha,,kuthihsko'i,uwuthanhv'i,,uwuthohti,Eventful,uth,[H_alt=none],cause,vowel_stem,a_present,True,False,True,1,1,2,1,1
1063,1094,he/she is sifting it,kvkuhstiha,kvkuhstiha,kvkuhstihsko'i,uwakuhsthanv'i,hvkuhsta,uwakuhstohti,Eventful,vkuhst,[H_alt=none],cause,v_stem,a_present,True,False,False,1,1,1,1,1
1063,1094,he/she is sifting it,kvkuhstiha,kvkuhstiha,kvkuhstihsko'i,uwakuhsthanv'i,hvkuhsta,uwakuhstohti,Eventful,vkust,[H_alt=none],cause,v_stem,a_present,True,False,False,1,1,1,1,1
1064,1095,it’s leaking,kvkuhska,,kvkuhsko'i,uwakuhsv'i,,uwakuhsti,Eventful,vku,[H_alt=none],sk-s-a,v_stem,a_present,True,False,False,1,1,1,1,2
1064,1095,it’s leaking,kvkuhska,,kvkuhsko'i,uwakuhsv'i,,uwakuhsti,Eventful,vku,[H_alt=none],sk-s-a,v_stem,a_present,True,False,True,1,1,1,1,2
1064,1095,it’s leaking,kvkuhska,,kvkuhsko'i,uwakuhsv'i,,uwakuhsti,Eventful,vku,[H_alt=none],sk-s-hst,v_stem,a_present,True,False,False,1,1,1,1,1
1064,1095,it’s leaking,kvkuhska,,kvkuhsko'i,uwakuhsv'i,,uwakuhsti,Eventful,vku,[H_alt=none],sk-s-hst,v_stem,a_present,True,False,True,1,1,1,1,1
1064,1095,it’s leaking,kvkuhska,,kvkuhsko'i,uwakuhsv'i,,uwakuhsti,Eventful,vku,[H_alt=none],sk-s-la,v_stem,a_present,True,False,False,1,1,1,1,1
1064,1095,it’s leaking,kvkuhska,,kvkuhsko'i,uwakuhsv'i,,uwakuhsti,Eventful,vku,[H_alt=none],sk-s-la,v_stem,a_present,True,False,True,1,1,1,1,1
1067,1098,he/she is alive,kvnha,kvna,kvnho'i,,hvnhehsti,,StativeFutProg,vn,[H_alt=drop],stative-h,v_stem,a_present,True,False,False,1,1,1,1,1
1067,1098,he/she is alive,kvnha,kvna,kvnho'i,,hvnhehsti,,StativeFutProg,vn,[H_alt=drop],stative-h,vowel_stem,a_present,True,False,False,1,1,1,1,1
1067,1098,he/she is alive,kvnha,kvna,kvnho'i,,hvnhehsti,,StativeFutProg,vnh,[H_alt=drop],stative,v_stem,a_present,True,False,False,1,1,1,1,1
1067,1098,he/she is alive,kvnha,kvna,kvnho'i,,hvnhehsti,,StativeFutProg,vnh,[H_alt=drop],stative,vowel_stem,a_present,True,False,False,1,1,1,1,1
1070,1101,he/she is hitting him/her,kvnhiha,tsiyvniha,kvnhiho'i,uwanhilv'i,hiyvnika,uwanhsti,Eventful,vn,[H_alt=drop],hih-hil,v_stem,a_present,True,False,True,1,1,1,2,1
1071,1102,he/she is cooking it (refers to a specific food),kvnhihstiha,kvnihstiha,kvnhihstihsko'i,uwanhihsthanv'i,hvnhihsta,uwanhihstohti,Eventful,vnhihst,[H_alt=drop],cause,v_stem,a_present,True,False,False,1,1,1,1,1
1071,1102,he/she is cooking it (refers to a specific food),kvnhihstiha,kvnihstiha,kvnhihstihsko'i,uwanhihsthanv'i,hvnhihsta,uwanhihstohti,Eventful,vnhist,[H_alt=drop],cause,v_stem,a_present,True,False,False,1,1,1,1,1
1076,1107,he/she is frying it,kvtsalhvhska,kvtsalhvhska,kvtsalhvhsko'i,uwvtsalhanv'i,hvtsalhvka,uwvtsalhti,Eventful,vthsal,[H_alt=none],hvsk-han,vowel_stem,a_present,True,False,False,1,1,1,1,1
1076,1107,he/she is frying it,kvtsalhvhska,kvtsalhvhska,kvtsalhvhsko'i,uwvtsalhanv'i,hvtsalhvka,uwvtsalhti,Eventful,vtsal,[H_alt=none],hvsk-han,vowel_stem,a_present,True,False,False,1,1,1,1,1
1078,1109,he/she is melting it,kvnawhtiha,kvnawotiha,kvnawhtihsko'i,uwanawhthanv'i,hvnawhta,uwanawhtohti,Eventful,vnawht,[H_alt=vowel_o],cause,v_stem,a_present,True,False,False,1,1,1,1,1
1079,1110,it’s melting,kvnawohska,kvnawohska,kvnawohsko'i,uwanawohsv'i,hvnawohi,uwanawohihsti,Eventful,vnawo,[H_alt=none],sk-s-hi-hihst,v_stem,a_present,True,False,False,1,1,1,1,1
1081,1112,he/she is sweeping it,kvnohsahska,kvnohsahska,kvnohsahsko'i,uwanohsahv'i,hvnohsa,uwanohsahsti,Eventful,vnohsa,[H_alt=none],sk-h,v_stem,a_present,True,False,False,1,1,1,2,1
1081,1112,he/she is sweeping it,kvnohsahska,kvnohsahska,kvnohsahsko'i,uwanohsahv'i,hvnohsa,uwanohsahsti,Eventful,vnosa,[H_alt=none],sk-h,v_stem,a_present,True,False,False,1,1,1,2,1
1082,1113,it’s becoming done (refers to by cooking),kvnhska,,kvnhsko'i,uwanhsv'i,hvnhi,uwanhihsti,Eventful,vn,[H_alt=none],sk-s-hi-hihst,v_stem,a_present,True,False,False,1,1,1,1,1
1082,1113,it’s becoming done (refers to by cooking),kvnhska,,kvnhsko'i,uwanhsv'i,hvnhi,uwanhihsti,Eventful,vn,[H_alt=none],sk-s-hi-hihst,v_stem,a_present,True,False,True,1,1,1,1,1
1083,1114,he/she is hiding it,kvhskalhvhska,kvhskalhvhska,kvhskalhvhsko'i,uwahskalhanv'i,hvhskalhvka,uwahskalhti,Eventful,vhskal,[H_alt=none],hvsk-han,v_stem,a_present,True,False,False,1,1,1,1,1
1083,1114,he/she is hiding it,kvhskalhvhska,kvhskalhvhska,kvhskalhvhsko'i,uwahskalhanv'i,hvhskalhvka,uwahskalhti,Eventful,vskal,[H_alt=none],hvsk-han,v_stem,a_present,True,False,False,1,1,1,1,1
1084,1115,he/she is hiding it (refers to a long object),kvhskalati'a,kvhskalati'a,kvhskalatihsko'i,uwahskalatv'i,hvhskalata,uwahskalatihsti,Eventful,vhskalat,[H_alt=none],i-a-i,v_stem,a_present,True,False,False,1,1,1,1,1
1084,1115,he/she is hiding it (refers to a long object),kvhskalati'a,kvhskalati'a,kvhskalatihsko'i,uwahskalatv'i,hvhskalata,uwahskalatihsti,Eventful,vskalat,[H_alt=none],i-a-i,v_stem,a_present,True,False,False,1,1,1,1,1
1085,1116,he/she is hiding him/her (refers to a flexible object),kvhskalvhska,tsiyvhskalvhska,kvhskalvhsko'i,uwahskalvnv'i,hiyvhskalv'vka,uwahskalvti,Eventful,vhskal,[H_alt=none],vsk,v_stem,a_present,True,False,True,1,1,1,2,1
1085,1116,he/she is hiding him/her (refers to a flexible object),kvhskalvhska,tsiyvhskalvhska,kvhskalvhsko'i,uwahskalvnv'i,hiyvhskalv'vka,uwahskalvti,Eventful,vskal,[H_alt=none],vsk,v_stem,a_present,True,False,True,1,1,1,2,1
1086,1117,he/she is cracking it,kvhskwalo'a,kvhskwalo'a,kvhskwalohsko'i,uwahskwalo'v'i,hvhskwalotsa,uwahskwalohsti,Eventful,vhskwal,[H_alt=none],o,v_stem,a_present,True,False,False,1,1,1,1,1
1086,1117,he/she is cracking it,kvhskwalo'a,kvhskwalo'a,kvhskwalohsko'i,uwahskwalo'v'i,hvhskwalotsa,uwahskwalohsti,Eventful,vskwal,[H_alt=none],o,v_stem,a_present,True,False,False,1,1,1,1,1
1087,1118,he/she is putting it into a fire,kvthvhska,kvtvhska,kvthvhsko'i,uwvthanv'i,hvthvka,uwvthti,Eventful,vt,[H_alt=drop],hvsk-han,vowel_stem,a_present,True,False,False,1,1,1,1,1
1088,1119,he/she is soaking it (refers to a flexible object),kvwalhvhska,kvwalhvhska,kvwalhvhsko'i,uwvwalhanv'i,hvwalhvka,uwvwalhti,Eventful,vwal,[H_alt=none],hvsk-han,vowel_stem,a_present,True,False,False,1,1,1,1,1
1221,1272,he/she is ascending an incline,khanaluhska,tsinaluhska,khanaluhsko'i,unhaluhsv'i,hinhaluhi,unhaluhihsti,Eventful,nhalu,[H_alt=drop],sk-s-hi-hihst,r_stem,a_present,True,False,False,1,1,1,1,1
1221,1272,he/she is ascending an incline,khanaluhska,tsinaluhska,khanaluhsko'i,unhaluhsv'i,hinhaluhi,unhaluhihsti,Eventful,nhalu,[H_alt=drop],sk-s-hi-hihst,r_stem,a_present,True,False,True,1,1,1,1,1
1224,1275,he/she is making him/her angry,khanalvhstiha,tsinalvhstiha,khanalvhstihsko'i,unhalvhsthanv'i,hinalvhsta,unhalvhstohti,Eventful,nhalvhst,[H_alt=drop],cause,r_stem,a_present,True,False,True,1,1,1,1,1
1224,1275,he/she is making him/her angry,khanalvhstiha,tsinalvhstiha,khanalvhstihsko'i,unhalvhsthanv'i,hinalvhsta,unhalvhstohti,Eventful,nhalvst,[H_alt=drop],cause,r_stem,a_present,True,False,True,1,1,1,1,1
1229,1280,he/she is cold,khanawoka,tsinawoka,khanawoko'i,unhawotsv'i,hinhawoki,unhawohsti,Eventful,nhawo,[H_alt=drop],become,r_stem,a_present,True,False,False,1,1,1,1,1
1229,1280,he/she is cold,khanawoka,tsinawoka,khanawoko'i,unhawotsv'i,hinhawoki,unhawohsti,Eventful,nhawo,[H_alt=drop],become,r_stem,a_present,True,False,True,1,1,1,1,1
1230,1281,he/she is speaking,khaneka,tsineka,khaneko'i,unhetsv'i,hinheki,unhehsti,Eventful,nhe,[H_alt=drop],become,r_stem,a_present,True,False,False,1,1,1,1,1
1230,1281,he/she is speaking,khaneka,tsineka,khaneko'i,unhetsv'i,hinheki,unhehsti,Eventful,nhe,[H_alt=drop],become,r_stem,a_present,True,False,True,1,1,1,1,1
1231,1282,he/she is prying it,khanekwatiha,tsinekwatiha,khanekwatihsko'i,unhekwatvhv'i,hinhekwata,unhekwathti,Eventful,nhekwat,[H_alt=drop],ih-vh,r_stem,a_present,True,False,False,1,1,1,1,1
1231,1282,he/she is prying it,khanekwatiha,tsinekwatiha,khanekwatihsko'i,unhekwatvhv'i,hinhekwata,unhekwathti,Eventful,nhekwat,[H_alt=drop],ih-vh,r_stem,a_present,True,False,True,1,1,1,1,1
1232,1283,he/she is accumulating it,khanehkwo'a,tsinehkwo'a,khanehkwohsko'i,unhehkwo'v'i,hinhehkwotsa,unhehkwohsti,Eventful,nhehkw,[H_alt=drop],o,r_stem,a_present,True,False,False,1,1,1,1,1
1232,1283,he/she is accumulating it,khanehkwo'a,tsinehkwo'a,khanehkwohsko'i,unhehkwo'v'i,hinhehkwotsa,unhehkwohsti,Eventful,nhehkw,[H_alt=drop],o,r_stem,a_present,True,False,True,1,1,1,1,1
1233,1284,it’s accumulating,khanehkwoka,,khanehkwoko'i,unhehkwotsv'i,hinhehkwoki,unhehkwo'ihsti,Eventful,nhehkwo,[H_alt=none],become,r_stem,a_present,True,False,False,1,1,1,1,2
1233,1284,it’s accumulating,khanehkwoka,,khanehkwoko'i,unhehkwotsv'i,hinhehkwoki,unhehkwo'ihsti,Eventful,nhehkwo,[H_alt=none],become,r_stem,a_present,True,False,True,1,1,1,1,2
1234,1285,he/she is mentioning it,khane'ihstiha,tsine'ihstiha,khane'ihstihsko'i,unhe'ihsthanv'i,hinhe'ihsta,unhe'ihstohti,Eventful,nhe'ihst,[H_alt=drop],cause,r_stem,a_present,True,False,False,1,1,1,1,1
1234,1285,he/she is mentioning it,khane'ihstiha,tsine'ihstiha,khane'ihstihsko'i,unhe'ihsthanv'i,hinhe'ihsta,unhe'ihstohti,Eventful,nhe'ihst,[H_alt=drop],cause,r_stem,a_present,True,False,True,1,1,1,1,1
1234,1285,he/she is mentioning it,khane'ihstiha,tsine'ihstiha,khane'ihstihsko'i,unhe'ihsthanv'i,hinhe'ihsta,unhe'ihstohti,Eventful,nhe'ist,[H_alt=drop],cause,r_stem,a_present,True,False,False,1,1,1,1,1
1234,1285,he/she is mentioning it,khane'ihstiha,tsine'ihstiha,khane'ihstihsko'i,unhe'ihsthanv'i,hinhe'ihsta,unhe'ihstohti,Eventful,nhe'ist,[H_alt=drop],cause,r_stem,a_present,True,False,True,1,1,1,1,1
1235,1286,it’s contaminated (refers to contaminated by visible foreign matter),khanehsalha,,khanehsalho'i,,,,StativeFutProg,anhehsal,[H_alt=none],stative-h,a_stem,a_present,True,False,False,1,1,1,1,1
1235,1286,it’s contaminated (refers to contaminated by visible foreign matter),khanehsalha,,khanehsalho'i,,,,StativeFutProg,anhehsal,[H_alt=none],stative-h,a_stem,a_present,True,False,True,1,1,1,1,1
1235,1286,it’s contaminated (refers to contaminated by visible foreign matter),khanehsalha,,khanehsalho'i,,,,StativeFutProg,anhehsalh,[H_alt=none],stative,a_stem,a_present,True,False,False,1,1,1,1,1
1235,1286,it’s contaminated (refers to contaminated by visible foreign matter),khanehsalha,,khanehsalho'i,,,,StativeFutProg,anhehsalh,[H_alt=none],stative,a_stem,a_present,True,False,True,1,1,1,1,1
1235,1286,it’s contaminated (refers to contaminated by visible foreign matter),khanehsalha,,khanehsalho'i,,,,StativeFutProg,anhesal,[H_alt=none],stative-h,a_stem,a_present,True,False,False,1,1,1,1,1
1235,1286,it’s contaminated (refers to contaminated by visible foreign matter),khanehsalha,,khanehsalho'i,,,,StativeFutProg,anhesal,[H_alt=none],stative-h,a_stem,a_present,True,False,True,1,1,1,1,1
1235,1286,it’s contaminated (refers to contaminated by visible foreign matter),khanehsalha,,khanehsalho'i,,,,StativeFutProg,anhesalh,[H_alt=none],stative,a_stem,a_present,True,False,False,1,1,1,1,1
1235,1286,it’s contaminated (refers to contaminated by visible foreign matter),khanehsalha,,khanehsalho'i,,,,StativeFutProg,anhesalh,[H_alt=none],stative,a_stem,a_present,True,False,True,1,1,1,1,1
1235,1286,it’s contaminated (refers to contaminated by visible foreign matter),khanehsalha,,khanehsalho'i,,,,StativeFutProg,nhehsal,[H_alt=none],stative-h,long_stem,a_present,True,False,False,1,1,1,1,1
1235,1286,it’s contaminated (refers to contaminated by visible foreign matter),khanehsalha,,khanehsalho'i,,,,StativeFutProg,nhehsal,[H_alt=none],stative-h,long_stem,a_present,True,False,True,1,1,1,1,1
1235,1286,it’s contaminated (refers to contaminated by visible foreign matter),khanehsalha,,khanehsalho'i,,,,StativeFutProg,nhehsal,[H_alt=none],stative-h,r_stem,a_present,True,False,False,1,1,1,1,1
1235,1286,it’s contaminated (refers to contaminated by visible foreign matter),khanehsalha,,khanehsalho'i,,,,StativeFutProg,nhehsal,[H_alt=none],stative-h,r_stem,a_present,True,False,True,1,1,1,1,1
1235,1286,it’s contaminated (refers to contaminated by visible foreign matter),khanehsalha,,khanehsalho'i,,,,StativeFutProg,nhehsalh,[H_alt=none],stative,long_stem,a_present,True,False,False,1,1,1,1,1
1235,1286,it’s contaminated (refers to contaminated by visible foreign matter),khanehsalha,,khanehsalho'i,,,,StativeFutProg,nhehsalh,[H_alt=none],stative,long_stem,a_present,True,False,True,1,1,1,1,1
1235,1286,it’s contaminated (refers to contaminated by visible foreign matter),khanehsalha,,khanehsalho'i,,,,StativeFutProg,nhehsalh,[H_alt=none],stative,r_stem,a_present,True,False,False,1,1,1,1,1
1235,1286,it’s contaminated (refers to contaminated by visible foreign matter),khanehsalha,,khanehsalho'i,,,,StativeFutProg,nhehsalh,[H_alt=none],stative,r_stem,a_present,True,False,True,1,1,1,1,1
1235,1286,it’s contaminated (refers to contaminated by visible foreign matter),khanehsalha,,khanehsalho'i,,,,StativeFutProg,nhesal,[H_alt=none],stative-h,long_stem,a_present,True,False,False,1,1,1,1,1
1235,1286,it’s contaminated (refers to contaminated by visible foreign matter),khanehsalha,,khanehsalho'i,,,,StativeFutProg,nhesal,[H_alt=none],stative-h,long_stem,a_present,True,False,True,1,1,1,1,1
1235,1286,it’s contaminated (refers to contaminated by visible foreign matter),khanehsalha,,khanehsalho'i,,,,StativeFutProg,nhesal,[H_alt=none],stative-h,r_stem,a_present,True,False,False,1,1,1,1,1
1235,1286,it’s contaminated (refers to contaminated by visible foreign matter),khanehsalha,,khanehsalho'i,,,,StativeFutProg,nhesal,[H_alt=none],stative-h,r_stem,a_present,True,False,True,1,1,1,1,1
1235,1286,it’s contaminated (refers to contaminated by visible foreign matter),khanehsalha,,khanehsalho'i,,,,StativeFutProg,nhesalh,[H_alt=none],stative,long_stem,a_present,True,False,False,1,1,1,1,1
1235,1286,it’s contaminated (refers to contaminated by visible foreign matter),khanehsalha,,khanehsalho'i,,,,StativeFutProg,nhesalh,[H_alt=none],stative,long_stem,a_present,True,False,True,1,1,1,1,1
1235,1286,it’s contaminated (refers to contaminated by visible foreign matter),khanehsalha,,khanehsalho'i,,,,StativeFutProg,nhesalh,[H_alt=none],stative,r_stem,a_present,True,False,False,1,1,1,1,1
1235,1286,it’s contaminated (refers to contaminated by visible foreign matter),khanehsalha,,khanehsalho'i,,,,StativeFutProg,nhesalh,[H_alt=none],stative,r_stem,a_present,True,False,True,1,1,1,1,1
1236,1287,he/she is contaminating it (refers to contaminated by visible foreign matter),khanehsalhvhska,tsinehsalhvhska,khanehsalhvhsko'i,unhehsalhanv'i,hinhehsalhvka,unhehsalhti,Eventful,nhehsal,[H_alt=drop],hvsk-han,r_stem,a_present,True,False,False,1,1,1,1,1
1236,1287,he/she is contaminating it (refers to contaminated by visible foreign matter),khanehsalhvhska,tsinehsalhvhska,khanehsalhvhsko'i,unhehsalhanv'i,hinhehsalhvka,unhehsalhti,Eventful,nhehsal,[H_alt=drop],hvsk-han,r_stem,a_present,True,False,True,1,1,1,1,1
1236,1287,he/she is contaminating it (refers to contaminated by visible foreign matter),khanehsalhvhska,tsinehsalhvhska,khanehsalhvhsko'i,unhehsalhanv'i,hinhehsalhvka,unhehsalhti,Eventful,nhesal,[H_alt=drop],hvsk-han,r_stem,a_present,True,False,False,1,1,1,1,1
1236,1287,he/she is contaminating it (refers to contaminated by visible foreign matter),khanehsalhvhska,tsinehsalhvhska,khanehsalhvhsko'i,unhehsalhanv'i,hinhehsalhvka,unhehsalhti,Eventful,nhesal,[H_alt=drop],hvsk-han,r_stem,a_present,True,False,True,1,1,1,1,1
1241,1292,he/she is collecting from him/her,khanilhvhska,tsinilhvhska,khanilhvhsko'i,unhilhanv'i,hinilhvka,unhilhti,Eventful,nhil,[H_alt=drop],hvsk-han,r_stem,a_present,True,False,True,1,1,1,1,1
1246,1297,he/she is telling it,khanoheha,tsinoheha,khanohehsko'i,unhohelhv'i,hinhohvla,unhohehti,Eventful,nho,[H_alt=drop],apl-active-h,r_stem,a_present,True,False,False,1,1,1,1,1
1246,1297,he/she is telling it,khanoheha,tsinoheha,khanohehsko'i,unhohelhv'i,hinhohvla,unhohehti,Eventful,nho,[H_alt=drop],apl-active-h,r_stem,a_present,True,False,True,1,1,1,1,1
1246,1297,he/she is telling it,khanoheha,tsinoheha,khanohehsko'i,unhohelhv'i,hinhohvla,unhohehti,Eventful,nhoh,[H_alt=drop],apl-active-',r_stem,a_present,True,False,False,1,1,1,1,1
1246,1297,he/she is telling it,khanoheha,tsinoheha,khanohehsko'i,unhohelhv'i,hinhohvla,unhohehti,Eventful,nhoh,[H_alt=drop],apl-active-',r_stem,a_present,True,False,True,1,1,1,1,1
1247,1298,he/she is omitting him/her,khanohiya'a,tsinohiya'a,khanohiyahsko'i,unhohiyv'i,hinohiya,unhohiyahsti,Eventful,nhohiy,[H_alt=drop],a,r_stem,a_present,True,False,True,1,1,1,1,1
1249,1300,he/she is fanning him/her,khanoyeha,tsinoyeha,khanoyehsko'i,unhoyehv'i,hinoyvla,unhoyehti,Eventful,nhoy,[H_alt=drop],apl-active,r_stem,a_present,True,False,True,1,1,1,1,1
1254,1305,he/she is straining it,khanvhsolvhstiha,tsinvhsolvhstiha,khanvhsolvhstihsko'i,unhvhsolvhsthanv'i,hinhvhsolvhsta,unhvhsolvhstohti,Eventful,nhvhsolvhst,[H_alt=drop],cause,r_stem,a_present,True,False,False,1,1,1,1,1
1254,1305,he/she is straining it,khanvhsolvhstiha,tsinvhsolvhstiha,khanvhsolvhstihsko'i,unhvhsolvhsthanv'i,hinhvhsolvhsta,unhvhsolvhstohti,Eventful,nhvhsolvhst,[H_alt=drop],cause,r_stem,a_present,True,False,True,1,1,1,1,1
1254,1305,he/she is straining it,khanvhsolvhstiha,tsinvhsolvhstiha,khanvhsolvhstihsko'i,unhvhsolvhsthanv'i,hinhvhsolvhsta,unhvhsolvhstohti,Eventful,nhvhsolvst,[H_alt=drop],cause,r_stem,a_present,True,False,False,1,1,1,1,1
1254,1305,he/she is straining it,khanvhsolvhstiha,tsinvhsolvhstiha,khanvhsolvhstihsko'i,unhvhsolvhsthanv'i,hinhvhsolvhsta,unhvhsolvhstohti,Eventful,nhvhsolvst,[H_alt=drop],cause,r_stem,a_present,True,False,True,1,1,1,1,1
1254,1305,he/she is straining it,khanvhsolvhstiha,tsinvhsolvhstiha,khanvhsolvhstihsko'i,unhvhsolvhsthanv'i,hinhvhsolvhsta,unhvhsolvhstohti,Eventful,nhvsolvhst,[H_alt=drop],cause,r_stem,a_present,True,False,False,1,1,1,1,1
1254,1305,he/she is straining it,khanvhsolvhstiha,tsinvhsolvhstiha,khanvhsolvhstihsko'i,unhvhsolvhsthanv'i,hinhvhsolvhsta,unhvhsolvhstohti,Eventful,nhvsolvhst,[H_alt=drop],cause,r_stem,a_present,True,False,True,1,1,1,1,1
1254,1305,he/she is straining it,khanvhsolvhstiha,tsinvhsolvhstiha,khanvhsolvhstihsko'i,unhvhsolvhsthanv'i,hinhvhsolvhsta,unhvhsolvhstohti,Eventful,nhvsolvst,[H_alt=drop],cause,r_stem,a_present,True,False,False,1,1,1,1,1
1254,1305,he/she is straining it,khanvhsolvhstiha,tsinvhsolvhstiha,khanvhsolvhstihsko'i,unhvhsolvhsthanv'i,hinhvhsolvhsta,unhvhsolvhstohti,Eventful,nhvsolvst,[H_alt=drop],cause,r_stem,a_present,True,False,True,1,1,1,1,1
1256,1307,he/she is curing him/her,khanvwi'a,tsinvwi'a,khanvwihsko'i,unhvwanv'i,hinvwvka,unhvwoti,Eventful,nhvw,[H_alt=drop],i-vka,r_stem,a_present,True,False,True,1,1,1,1,1
1258,1309,he/she is breathing,khawolate'a,ka'wolate'a,khawolatehsko'i,uwholatehsv'i,hawholataki,uwholatehsti,Eventful,awholat,[H_alt=glot],rev-e,a_stem,a_present,True,False,False,1,1,1,1,1
1450,1516,he/she is in prayer,utatolihsti,akwatatolihsti,utatolihsto'i,utatolihstv'i,tsatatolihstehsti,utatolihstohti,StativeFutProg,atatolihst,[H_alt=none],stative,a_stem,i_present,False,False,False,1,1,1,1,1
1450,1516,he/she is in prayer,utatolihsti,akwatatolihsti,utatolihsto'i,utatolihstv'i,tsatatolihstehsti,utatolihstohti,StativeFutProg,atatolist,[H_alt=none],stative,a_stem,i_present,False,False,False,1,1,1,1,1
1451,1517,he/she loves,utakeyuha,akwatakeyuha,utakeyuhso'i,utakeyuhsv'i,tsatakeyuhsehsti,utakeyhti,StativeFutProg,atakeyu,[H_alt=none],stative-s,a_stem,a_present,False,False,False,1,1,1,1,1
1459,1525,it’s wrinkled,utanekoyuha,akwatanekoyuha,utanekoyuhso'i,utanekoyuhsv'i,tsatanekoyuhsehsti,,StativeFutProg,atanekoyu,[H_alt=none],stative-s,a_stem,a_present,False,False,False,1,1,1,1,1
1462,1528,he/she feels,utanhtha,akwatanhtha,utanhtho'i,utanhthv'i,tsatanhthehsti,utanhtatihsti,StativeFutProg,atanht,[H_alt=none],stative-h,a_stem,a_present,False,False,False,1,1,1,1,1
1462,1528,he/she feels,utanhtha,akwatanhtha,utanhtho'i,utanhthv'i,tsatanhthehsti,utanhtatihsti,StativeFutProg,atanhth,[H_alt=none],stative,a_stem,a_present,False,False,False,1,1,1,1,1
1470,1536,it’s in view,utayvlatha,akwatayvlatha,utayvlatho'i,utayvlathv'i,tsatayvlathehsti,utayvlathti,StativeFutProg,atayvlat,[H_alt=none],stative-h,a_stem,a_present,False,False,False,1,1,1,1,1
1470,1536,it’s in view,utayvlatha,akwatayvlatha,utayvlatho'i,utayvlathv'i,tsatayvlathehsti,utayvlathti,StativeFutProg,atayvlath,[H_alt=none],stative,a_stem,a_present,False,False,False,1,1,1,1,1
1471,1537,he/she is throwing it,uteka,akwateka,uteko'i,utinvhsv'i,tsatuka,utinvti,Eventful,at,[H_alt=none],go-in,a_stem,a_present,False,False,False,1,1,1,1,1
1476,1542,he/she is having a birthday,utethiyiha,akwatethiyiha,utethiyihsko'i,utethiyvhv'i,tsatethiya,utethiyhti,Eventful,atethiy,[H_alt=none],ih-vh,a_stem,a_present,False,False,False,1,1,1,1,1
1478,1544,it’s hot,utilhehka,,utilhehko'i,utilhehkv'i,tsatilhehkehsti,,StativeFutProg,atilheh,[H_alt=none],stative-k,a_stem,a_present,False,False,False,1,1,1,1,1
1478,1544,it’s hot,utilhehka,,utilhehko'i,utilhehkv'i,tsatilhehkehsti,,StativeFutProg,atilheh,[H_alt=none],stative-k,a_stem,a_present,False,False,True,1,1,1,1,1
1478,1544,it’s hot,utilhehka,,utilhehko'i,utilhehkv'i,tsatilhehkehsti,,StativeFutProg,atilhehk,[H_alt=none],stative,a_stem,a_present,False,False,False,1,1,1,1,1
1478,1544,it’s hot,utilhehka,,utilhehko'i,utilhehkv'i,tsatilhehkehsti,,StativeFutProg,atilhehk,[H_alt=none],stative,a_stem,a_present,False,False,True,1,1,1,1,1
1478,1544,it’s hot,utilhehka,,utilhehko'i,utilhehkv'i,tsatilhehkehsti,,StativeFutProg,tilheh,[H_alt=none],stative-k,cons_stem,a_present,False,False,False,1,1,1,1,1
1478,1544,it’s hot,utilhehka,,utilhehko'i,utilhehkv'i,tsatilhehkehsti,,StativeFutProg,tilheh,[H_alt=none],stative-k,cons_stem,a_present,False,False,True,1,1,1,1,1
1478,1544,it’s hot,utilhehka,,utilhehko'i,utilhehkv'i,tsatilhehkehsti,,StativeFutProg,tilhehk,[H_alt=none],stative,cons_stem,a_present,False,False,False,1,1,1,1,1
1478,1544,it’s hot,utilhehka,,utilhehko'i,utilhehkv'i,tsatilhehkehsti,,StativeFutProg,tilhehk,[H_alt=none],stative,cons_stem,a_present,False,False,True,1,1,1,1,1
1479,1545,he/she has a fever,utilhehvhska,akwatilhehvhska,utilhehvhsko'i,utilhehvhskv'i,tsatilhehvhi,utilhehvhsti,StativeNoImp,atilhehvhs,[H_alt=none],stative-k,a_stem,a_present,False,False,False,1,1,1,1,1
1479,1545,he/she has a fever,utilhehvhska,akwatilhehvhska,utilhehvhsko'i,utilhehvhskv'i,tsatilhehvhi,utilhehvhsti,StativeNoImp,atilhehvhsk,[H_alt=none],stative,a_stem,a_present,False,False,False,1,1,1,1,1
1479,1545,he/she has a fever,utilhehvhska,akwatilhehvhska,utilhehvhsko'i,utilhehvhskv'i,tsatilhehvhi,utilhehvhsti,StativeNoImp,atilhehvs,[H_alt=none],stative-k,a_stem,a_present,False,False,False,1,1,1,1,1
1479,1545,he/she has a fever,utilhehvhska,akwatilhehvhska,utilhehvhsko'i,utilhehvhskv'i,tsatilhehvhi,utilhehvhsti,StativeNoImp,atilhehvsk,[H_alt=none],stative,a_stem,a_present,False,False,False,1,1,1,1,1
1480,1546,he/she is in hiding,utihskalha,akwatihskalha,utihskalho'i,utihskalhv'i,tsatihskalhehsti,utihskalhti,StativeFutProg,atihskal,[H_alt=none],stative-h,a_stem,a_present,False,False,False,1,1,1,1,1
1480,1546,he/she is in hiding,utihskalha,akwatihskalha,utihskalho'i,utihskalhv'i,tsatihskalhehsti,utihskalhti,StativeFutProg,atihskalh,[H_alt=none],stative,a_stem,a_present,False,False,False,1,1,1,1,1
1480,1546,he/she is in hiding,utihskalha,akwatihskalha,utihskalho'i,utihskalhv'i,tsatihskalhehsti,utihskalhti,StativeFutProg,atiskal,[H_alt=none],stative-h,a_stem,a_present,False,False,False,1,1,1,1,1
1480,1546,he/she is in hiding,utihskalha,akwatihskalha,utihskalho'i,utihskalhv'i,tsatihskalhehsti,utihskalhti,StativeFutProg,atiskalh,[H_alt=none],stative,a_stem,a_present,False,False,False,1,1,1,1,1
1481,1547,he/she is getting well,utiwhska,akwatiwhska,utiwhsko'i,utiwhsv'i,tsatiwhi,utiwhihsti,Eventful,atiw,[H_alt=none],sk-s-hi-hihst,a_stem,a_present,False,False,False,1,1,1,1,1
1483,1549,there’s an opening,utlanvta,,utlanvto'i,utlanvtv'i,,,StativeFutProg,atlanvt,[H_alt=none],stative,a_stem,a_present,False,False,False,1,1,1,1,1
1483,1549,there’s an opening,utlanvta,,utlanvto'i,utlanvtv'i,,,StativeFutProg,atlanvt,[H_alt=none],stative,a_stem,a_present,False,False,False,1,1,1,1,1
1483,1549,there’s an opening,utlanvta,,utlanvto'i,utlanvtv'i,,,StativeFutProg,atlanvt,[H_alt=none],stative,a_stem,a_present,False,False,True,1,1,1,1,1
1483,1549,there’s an opening,utlanvta,,utlanvto'i,utlanvtv'i,,,StativeFutProg,atlanvt,[H_alt=none],stative,a_stem,a_present,False,False,True,1,1,1,1,1
1483,1549,there’s an opening,utlanvta,,utlanvto'i,utlanvtv'i,,,StativeFutProg,tlanvt,[H_alt=none],stative,cons_stem,a_present,False,False,False,1,1,1,1,1
1483,1549,there’s an opening,utlanvta,,utlanvto'i,utlanvtv'i,,,StativeFutProg,tlanvt,[H_alt=none],stative,cons_stem,a_present,False,False,False,1,1,1,1,1
1483,1549,there’s an opening,utlanvta,,utlanvto'i,utlanvtv'i,,,StativeFutProg,tlanvt,[H_alt=none],stative,cons_stem,a_present,False,False,True,1,1,1,1,1
1483,1549,there’s an opening,utlanvta,,utlanvto'i,utlanvtv'i,,,StativeFutProg,tlanvt,[H_alt=none],stative,cons_stem,a_present,False,False,True,1,1,1,1,1
1485,1551,he/she is disbelieving,utlahsithv'eha,akwatlahsithv'eha,utlahsithv'eho'i,utlahsithv'elv'i,tsatlahsithvhsi,utlahsithv'ehti,Eventful,atlahsithv',[H_alt=none],apl,a_stem,a_present,False,False,False,1,1,1,1,1
1485,1551,he/she is disbelieving,utlahsithv'eha,akwatlahsithv'eha,utlahsithv'eho'i,utlahsithv'elv'i,tsatlahsithvhsi,utlahsithv'ehti,Eventful,atlasithv',[H_alt=none],apl,a_stem,a_present,False,False,False,1,1,1,1,1
1487,1553,he/she is taking revenge,utleka,akwatleka,utleko'i,utletsv'i,tsatleki,utle'ihsti,Eventful,atle,[H_alt=none],become,a_stem,a_present,False,False,False,1,1,1,1,2
1489,1555,he/she is wearing an earring,utli'ata,akwatli'ata,utli'ato'i,utli'atv'i,tsatli'atehsti,,StativeFutProg,atli'at,[H_alt=none],stative,a_stem,a_present,False,False,False,1,1,1,1,1
1505,1571,he/she is standing in liquid,utuha,akwatuha,utuhso'i,utuhsv'i,tsatuhsehsti,utuhti,StativeFutProg,atu,[H_alt=none],stative-s,a_stem,a_present,False,False,False,1,1,1,1,1
1507,1573,he/she wants it,utuliha,akwatuliha,utulihsko'i,utulvhv'i,tsatula,utulhti,Eventful,atul,[H_alt=none],ih-vh,a_stem,a_present,False,False,False,1,1,1,1,1
1508,1574,he/she is willing,utvnv'ihsti,akwatvnv'ihsti,utvnv'ihsto'i,utvnv'ihstv'i,tsatvnv'ihstehsti,,StativeFutProg,atvnv'ihst,[H_alt=none],stative,a_stem,i_present,False,False,False,1,1,1,1,1
1508,1574,he/she is willing,utvnv'ihsti,akwatvnv'ihsti,utvnv'ihsto'i,utvnv'ihstv'i,tsatvnv'ihstehsti,,StativeFutProg,atvnv'ist,[H_alt=none],stative,a_stem,i_present,False,False,False,1,1,1,1,1
1514,1580,he/she is becoming warm,ukanawohska,akikanawohska,ukanawohsko'i,ukanawohsv'i,tsakanawohi,ukanawohihsti,Eventful,kanawo,[H_alt=none],sk-s-hi-hihst,cons_stem,a_present,False,False,False,1,1,1,1,1
1516,1582,he/she is possessive of him/her,ukeyuha,tsikeyu'a,ukeyuhso'i,ukeyuhsv'i,hikeyuhsehsti,ukeyhti,StativeFutProg,keyu,[H_alt=glot],stative-s,cons_stem,a_present,False,False,True,1,1,1,1,1
1516,1582,he/she is possessive of him/her,ukeyuha,tsikeyu'a,ukeyuhso'i,ukeyuhsv'i,hikeyuhsehsti,ukeyhti,StativeFutProg,keyu,[H_alt=glot],stative-s,cons_stem,a_present,False,False,True,1,1,1,1,1
1523,1589,he/she is late,ukonhiyoka,akikonhiyoka,ukonhiyoko'i,ukonhiyotsv'i,tsakonhiyoki,ukonhiyohsti,Eventful,konhiyo,[H_alt=none],become,cons_stem,a_present,False,False,False,1,1,1,1,1
1524,1590,it’s decaying,ukohska,akikohska,ukohsko'i,ukohsv'i,tsakohi,ukohihsti,Eventful,ko,[H_alt=none],sk-s-hi-hihst,cons_stem,a_present,False,False,False,1,1,1,1,1
1530,1596,he/she has an object (refers to a solid object),uha,akiha,uho'i,uhv'i,tsahehsti,,StativeFutProg,h,[H_alt=none],stative,cons_stem,a_present,False,False,False,1,1,1,1,1
1534,1600,he/she is having trouble breathing,uhawohstiha,akihawohstiha,uhawohstihsko'i,uhawohsthanv'i,tsahawohsta,uhawohstohti,Eventful,hawohst,[H_alt=none],cause,cons_stem,a_present,False,False,False,1,1,1,1,1
1534,1600,he/she is having trouble breathing,uhawohstiha,akihawohstiha,uhawohstihsko'i,uhawohsthanv'i,tsahawohsta,uhawohstohti,Eventful,hawost,[H_alt=none],cause,cons_stem,a_present,False,False,False,1,1,1,1,1
1535,1601,there is dew,uhihsatha,akihihsatha,uhihsatho'i,uhihsathv'i,tsahihsathehsti,,StativeFutProg,hihsat,[H_alt=none],stative-h,cons_stem,a_present,False,False,False,1,1,1,1,1
1535,1601,there is dew,uhihsatha,akihihsatha,uhihsatho'i,uhihsathv'i,tsahihsathehsti,,StativeFutProg,hihsath,[H_alt=none],stative,cons_stem,a_present,False,False,False,1,1,1,1,1
1535,1601,there is dew,uhihsatha,akihihsatha,uhihsatho'i,uhihsathv'i,tsahihsathehsti,,StativeFutProg,hisat,[H_alt=none],stative-h,cons_stem,a_present,False,False,False,1,1,1,1,1
1535,1601,there is dew,uhihsatha,akihihsatha,uhihsatho'i,uhihsathv'i,tsahihsathehsti,,StativeFutProg,hisath,[H_alt=none],stative,cons_stem,a_present,False,False,False,1,1,1,1,1
1536,1602,he/she is lonesome,uhihsohtaneha,akihihsohtaneha,uhihsohtaneho'i,uhihsohtanelv'i,tsahihsohtahsi,uhihsohtanehti,Eventful,hihsohtan,[H_alt=none],apl,cons_stem,a_present,False,False,False,1,1,1,1,1
1536,1602,he/she is lonesome,uhihsohtaneha,akihihsohtaneha,uhihsohtaneho'i,uhihsohtanelv'i,tsahihsohtahsi,uhihsohtanehti,Eventful,hisohtan,[H_alt=none],apl,cons_stem,a_present,False,False,False,1,1,1,1,1
1537,1603,it’s lonesome,uhihsohti,,uhihsohto'i,uhihsohtv'i,,,StativeFutProg,ahihsoht,[H_alt=none],stative,a_stem,i_present,False,False,False,1,1,1,1,1
1537,1603,it’s lonesome,uhihsohti,,uhihsohto'i,uhihsohtv'i,,,StativeFutProg,ahihsoht,[H_alt=none],stative,a_stem,i_present,False,False,False,1,1,1,1,1
1537,1603,it’s lonesome,uhihsohti,,uhihsohto'i,uhihsohtv'i,,,StativeFutProg,ahihsoht,[H_alt=none],stative,a_stem,i_present,False,False,True,1,1,1,1,1
1537,1603,it’s lonesome,uhihsohti,,uhihsohto'i,uhihsohtv'i,,,StativeFutProg,ahihsoht,[H_alt=none],stative,a_stem,i_present,False,False,True,1,1,1,1,1
1537,1603,it’s lonesome,uhihsohti,,uhihsohto'i,uhihsohtv'i,,,StativeFutProg,ahisoht,[H_alt=none],stative,a_stem,i_present,False,False,False,1,1,1,1,1
1537,1603,it’s lonesome,uhihsohti,,uhihsohto'i,uhihsohtv'i,,,StativeFutProg,ahisoht,[H_alt=none],stative,a_stem,i_present,False,False,False,1,1,1,1,1
1537,1603,it’s lonesome,uhihsohti,,uhihsohto'i,uhihsohtv'i,,,StativeFutProg,ahisoht,[H_alt=none],stative,a_stem,i_present,False,False,True,1,1,1,1,1
1537,1603,it’s lonesome,uhihsohti,,uhihsohto'i,uhihsohtv'i,,,StativeFutProg,ahisoht,[H_alt=none],stative,a_stem,i_present,False,False,True,1,1,1,1,1
1537,1603,it’s lonesome,uhihsohti,,uhihsohto'i,uhihsohtv'i,,,StativeFutProg,hihsoht,[H_alt=none],stative,cons_stem,i_present,False,False,False,1,1,1,1,1
1537,1603,it’s lonesome,uhihsohti,,uhihsohto'i,uhihsohtv'i,,,StativeFutProg,hihsoht,[H_alt=none],stative,cons_stem,i_present,False,False,False,1,1,1,1,1
1537,1603,it’s lonesome,uhihsohti,,uhihsohto'i,uhihsohtv'i,,,StativeFutProg,hihsoht,[H_alt=none],stative,cons_stem,i_present,False,False,True,1,1,1,1,1
1537,1603,it’s lonesome,uhihsohti,,uhihsohto'i,uhihsohtv'i,,,StativeFutProg,hihsoht,[H_alt=none],stative,cons_stem,i_present,False,False,True,1,1,1,1,1
1537,1603,it’s lonesome,uhihsohti,,uhihsohto'i,uhihsohtv'i,,,StativeFutProg,hisoht,[H_alt=none],stative,cons_stem,i_present,False,False,False,1,1,1,1,1
1537,1603,it’s lonesome,uhihsohti,,uhihsohto'i,uhihsohtv'i,,,StativeFutProg,hisoht,[H_alt=none],stative,cons_stem,i_present,False,False,False,1,1,1,1,1
1537,1603,it’s lonesome,uhihsohti,,uhihsohto'i,uhihsohtv'i,,,StativeFutProg,hisoht,[H_alt=none],stative,cons_stem,i_present,False,False,True,1,1,1,1,1
1537,1603,it’s lonesome,uhihsohti,,uhihsohto'i,uhihsohtv'i,,,StativeFutProg,hisoht,[H_alt=none],stative,cons_stem,i_present,False,False,True,1,1,1,1,1
1544,1610,he/she is becoming angry,unhalvka,akhinalvka,unhalvko'i,unhalvtsv'i,tshanalvki,unhalv'ihsti,Eventful,nhalv,[H_alt=none],become,r_stem,a_present,False,False,False,1,1,1,1,2
1545,1611,he/she is angry,unhalvha,akhinalvha,unhalvhso'i,unhalvhsv'i,tshanalvhsehsti,,StativeFutProg,nhalv,[H_alt=none],stative-s,r_stem,a_present,False,False,False,1,1,1,1,1
1548,1614,he/she is stubbing his/her toe,unhahskwalo'a,akhinahskwalo'a,unhahskwalohsko'i,unhahskwalo'v'i,tshanahskwalotsa,unhahskwalohsti,Eventful,nhahskwal,[H_alt=none],o,r_stem,a_present,False,False,False,1,1,1,1,1
1548,1614,he/she is stubbing his/her toe,unhahskwalo'a,akhinahskwalo'a,unhahskwalohsko'i,unhahskwalo'v'i,tshanahskwalotsa,unhahskwalohsti,Eventful,nhaskwal,[H_alt=none],o,r_stem,a_present,False,False,False,1,1,1,1,1
1551,1617,he/she has a chill,unhawahstiha,akhinawahstiha,unhawahstihsko'i,unhawahsthanv'i,tshanawahsta,unhawahstohti,Eventful,nhawahst,[H_alt=none],cause,r_stem,a_present,False,False,False,1,1,1,1,1
1551,1617,he/she has a chill,unhawahstiha,akhinawahstiha,unhawahstihsko'i,unhawahsthanv'i,tshanawahsta,unhawahstohti,Eventful,nhawast,[H_alt=none],cause,r_stem,a_present,False,False,False,1,1,1,1,1
1554,1620,he/she is in bed,unhiha,akwanhiha,unhiho'i,unhihv'i,tsanhihehsti,,StativeFutProg,anhi,[H_alt=none],stative-h,a_stem,a_present,False,False,False,1,1,1,1,1
1554,1620,he/she is in bed,unhiha,akwanhiha,unhiho'i,unhihv'i,tsanhihehsti,,StativeFutProg,anhih,[H_alt=none],stative,a_stem,a_present,False,False,False,1,1,1,1,1
1557,1623,he/she is wearing a shirt,unhuwa,akwanhuwa,unhuwo'i,unhuwv'i,tsanhuwehsti,,StativeFutProg,anhuw,[H_alt=none],stative,a_stem,a_present,False,False,False,1,1,1,1,1
1561,1627,he/she is buying it,uwhahska,akhiwahska,uwhahsko'i,uwhahsv'i,tshawahi,uwhahihsti,Eventful,wha,[H_alt=none],sk-s-hi-hihst,cons_stem,a_present,False,False,False,1,1,1,1,1
1561,1627,he/she is buying it,uwhahska,akhiwahska,uwhahsko'i,uwhahsv'i,tshawahi,uwhahihsti,Eventful,wha,[H_alt=none],sk-s-hi-hihst,r_stem,a_present,False,False,False,1,1,1,1,1
1563,1629,he/she is looking for it,uyhoha,akiyhoha,uyhoho'i,uyhalv'i,tsayhka,uyhsti,Eventful,y,[H_alt=none],oh-al,cons_stem,a_present,False,False,False,1,1,1,1,1
1563,1629,he/she is looking for it,uyhoha,akiyhoha,uyhoho'i,uyhalv'i,tsayhka,uyhsti,Eventful,y,[H_alt=none],oh-al,r_stem,a_present,False,False,False,1,1,1,1,1
1564,1630,he/she is afloat,uyholuha,akhiyoluha,uyholuhso'i,uyholuhsv'i,hiyholuhvka,uyholuhti,StativeNoImp,yholu,[H_alt=none],stative-s,cons_stem,a_present,False,False,False,1,1,1,1,1
1564,1630,he/she is afloat,uyholuha,akhiyoluha,uyholuhso'i,uyholuhsv'i,hiyholuhvka,uyholuhti,StativeNoImp,yholu,[H_alt=none],stative-s,r_stem,a_present,False,False,False,1,1,1,1,1
1569,1635,it is cold (refers to weather),uyhvtla,,uyhvtlo'i,uyhvtlv'i,,,StativeFutProg,ayhvtl,[H_alt=none],stative,a_stem,a_present,False,False,False,1,1,1,1,1
1569,1635,it is cold (refers to weather),uyhvtla,,uyhvtlo'i,uyhvtlv'i,,,StativeFutProg,ayhvtl,[H_alt=none],stative,a_stem,a_present,False,False,False,1,1,1,1,1
1569,1635,it is cold (refers to weather),uyhvtla,,uyhvtlo'i,uyhvtlv'i,,,StativeFutProg,ayhvtl,[H_alt=none],stative,a_stem,a_present,False,False,True,1,1,1,1,1
1569,1635,it is cold (refers to weather),uyhvtla,,uyhvtlo'i,uyhvtlv'i,,,StativeFutProg,ayhvtl,[H_alt=none],stative,a_stem,a_present,False,False,True,1,1,1,1,1
1569,1635,it is cold (refers to weather),uyhvtla,,uyhvtlo'i,uyhvtlv'i,,,StativeFutProg,yhvtl,[H_alt=none],stative,cons_stem,a_present,False,False,False,1,1,1,1,1
1569,1635,it is cold (refers to weather),uyhvtla,,uyhvtlo'i,uyhvtlv'i,,,StativeFutProg,yhvtl,[H_alt=none],stative,cons_stem,a_present,False,False,False,1,1,1,1,1
1569,1635,it is cold (refers to weather),uyhvtla,,uyhvtlo'i,uyhvtlv'i,,,StativeFutProg,yhvtl,[H_alt=none],stative,cons_stem,a_present,False,False,True,1,1,1,1,1
1569,1635,it is cold (refers to weather),uyhvtla,,uyhvtlo'i,uyhvtlv'i,,,StativeFutProg,yhvtl,[H_alt=none],stative,cons_stem,a_present,False,False,True,1,1,1,1,1
1569,1635,it is cold (refers to weather),uyhvtla,,uyhvtlo'i,uyhvtlv'i,,,StativeFutProg,yhvtl,[H_alt=none],stative,r_stem,a_present,False,False,False,1,1,1,1,1
1569,1635,it is cold (refers to weather),uyhvtla,,uyhvtlo'i,uyhvtlv'i,,,StativeFutProg,yhvtl,[H_alt=none],stative,r_stem,a_present,False,False,False,1,1,1,1,1
1569,1635,it is cold (refers to weather),uyhvtla,,uyhvtlo'i,uyhvtlv'i,,,StativeFutProg,yhvtl,[H_alt=none],stative,r_stem,a_present,False,False,True,1,1,1,1,1
1569,1635,it is cold (refers to weather),uyhvtla,,uyhvtlo'i,uyhvtlv'i,,,StativeFutProg,yhvtl,[H_alt=none],stative,r_stem,a_present,False,False,True,1,1,1,1,1
1572,1638,he/she is getting drunk,uyhvhste'a,akhiyvhste'a,uyhvhstehsko'i,uyhvhsta'v'i,tshayvhstaka,uyhvhstehsti,Eventful,yhvhst,[H_alt=none],e-aka,cons_stem,a_present,False,False,False,1,1,1,1,1
1572,1638,he/she is getting drunk,uyhvhste'a,akhiyvhste'a,uyhvhstehsko'i,uyhvhsta'v'i,tshayvhstaka,uyhvhstehsti,Eventful,yhvhst,[H_alt=none],e-aka,r_stem,a_present,False,False,False,1,1,1,1,1
1572,1638,he/she is getting drunk,uyhvhste'a,akhiyvhste'a,uyhvhstehsko'i,uyhvhsta'v'i,tshayvhstaka,uyhvhstehsti,Eventful,yhvst,[H_alt=none],e-aka,cons_stem,a_present,False,False,False,1,1,1,1,1
1572,1638,he/she is getting drunk,uyhvhste'a,akhiyvhste'a,uyhvhstehsko'i,uyhvhsta'v'i,tshayvhstaka,uyhvhstehsti,Eventful,yhvst,[H_alt=none],e-aka,r_stem,a_present,False,False,False,1,1,1,1,1
1576,1642,he/she is inside it,utsa'a,akwatsa'a,utsa'o'i,utsa'v'i,tsatsa'ehsti,,StativeFutProg,aths,[H_alt=none],stative-a',a_stem,a_present,False,False,False,1,1,1,1,1
1576,1642,he/she is inside it,utsa'a,akwatsa'a,utsa'o'i,utsa'v'i,tsatsa'ehsti,,StativeFutProg,athsa',[H_alt=none],stative,a_stem,a_present,False,False,False,1,1,1,1,1
1576,1642,he/she is inside it,utsa'a,akwatsa'a,utsa'o'i,utsa'v'i,tsatsa'ehsti,,StativeFutProg,ats,[H_alt=none],stative-a',a_stem,a_present,False,False,False,1,1,1,1,1
1576,1642,he/she is inside it,utsa'a,akwatsa'a,utsa'o'i,utsa'v'i,tsatsa'ehsti,,StativeFutProg,atsa',[H_alt=none],stative,a_stem,a_present,False,False,False,1,1,1,1,1
1580,1646,he/she is grinning,utsetsti,akwatsetsti,utsetsto'i,utsetstv'i,hatsetsta,utsetstohti,StativeNoImp,athsethst,[H_alt=none],stative,a_stem,i_present,False,False,False,1,1,1,1,1
1580,1646,he/she is grinning,utsetsti,akwatsetsti,utsetsto'i,utsetstv'i,hatsetsta,utsetstohti,StativeNoImp,athsetst,[H_alt=none],stative,a_stem,i_present,False,False,False,1,1,1,1,1
1580,1646,he/she is grinning,utsetsti,akwatsetsti,utsetsto'i,utsetstv'i,hatsetsta,utsetstohti,StativeNoImp,atsethst,[H_alt=none],stative,a_stem,i_present,False,False,False,1,1,1,1,1
1580,1646,he/she is grinning,utsetsti,akwatsetsti,utsetsto'i,utsetstv'i,hatsetsta,utsetstohti,StativeNoImp,atsetst,[H_alt=none],stative,a_stem,i_present,False,False,False,1,1,1,1,1
1585,1651,it’s rattling,utsonatha,akwatsonatha,utsonatho'i,utsonathv'i,hatsonathvka,utsonathti,StativeNoImp,athsonat,[H_alt=none],stative-h,a_stem,a_present,False,False,False,1,1,1,1,1
1585,1651,it’s rattling,utsonatha,akwatsonatha,utsonatho'i,utsonathv'i,hatsonathvka,utsonathti,StativeNoImp,athsonath,[H_alt=none],stative,a_stem,a_present,False,False,False,1,1,1,1,1
1585,1651,it’s rattling,utsonatha,akwatsonatha,utsonatho'i,utsonathv'i,hatsonathvka,utsonathti,StativeNoImp,atsonat,[H_alt=none],stative-h,a_stem,a_present,False,False,False,1,1,1,1,1
1585,1651,it’s rattling,utsonatha,akwatsonatha,utsonatho'i,utsonathv'i,hatsonathvka,utsonathti,StativeNoImp,atsonath,[H_alt=none],stative,a_stem,a_present,False,False,False,1,1,1,1,1
1592,1658,it’s sticking out,ukhsatha,akwakhsatha,ukhsatho'i,ukhsathv'i,tsakhsathehsti,ukhsathti,StativeFutProg,akhsat,[H_alt=none],stative-h,a_stem,a_present,False,False,False,1,1,1,1,1
1592,1658,it’s sticking out,ukhsatha,akwakhsatha,ukhsatho'i,ukhsathv'i,tsakhsathehsti,ukhsathti,StativeFutProg,akhsath,[H_alt=none],stative,a_stem,a_present,False,False,False,1,1,1,1,1
1592,1658,it’s sticking out,ukhsatha,akwakhsatha,ukhsatho'i,ukhsathv'i,tsakhsathehsti,ukhsathti,StativeFutProg,aksat,[H_alt=none],stative-h,a_stem,a_present,False,False,False,1,1,1,1,1
1592,1658,it’s sticking out,ukhsatha,akwakhsatha,ukhsatho'i,ukhsathv'i,tsakhsathehsti,ukhsathti,StativeFutProg,aksath,[H_alt=none],stative,a_stem,a_present,False,False,False,1,1,1,1,1
1593,1659,he/she is watching him/her,ukhsehsti,tsiyakahsehsti,ukhsehsto'i,ukhsehstv'i,hiyakahsehstehsti,ukhsehstohti,StativeFutProg,akhsehst,[H_alt=vowel_a],stative,a_stem,i_present,False,False,True,1,1,1,1,1
1593,1659,he/she is watching him/her,ukhsehsti,tsiyakahsehsti,ukhsehsto'i,ukhsehstv'i,hiyakahsehstehsti,ukhsehstohti,StativeFutProg,akhsehst,[H_alt=vowel_a],stative,a_stem,i_present,False,False,True,1,1,1,1,1
1593,1659,he/she is watching him/her,ukhsehsti,tsiyakahsehsti,ukhsehsto'i,ukhsehstv'i,hiyakahsehstehsti,ukhsehstohti,StativeFutProg,akhsest,[H_alt=vowel_a],stative,a_stem,i_present,False,False,True,1,1,1,1,1
1593,1659,he/she is watching him/her,ukhsehsti,tsiyakahsehsti,ukhsehsto'i,ukhsehstv'i,hiyakahsehstehsti,ukhsehstohti,StativeFutProg,akhsest,[H_alt=vowel_a],stative,a_stem,i_present,False,False,True,1,1,1,1,1
1597,1663,it’s foggy,ukhvhata,akikhvhata,ukhvhato'i,ukhvhatv'i,tsakhvhatehsti,,StativeFutProg,khvhat,[H_alt=none],stative,cons_stem,a_present,False,False,False,1,1,1,1,1
1599,1665,he/she is not having luck at hunting,ukwholeka,akikwholeka,ukwholeko'i,ukwholvhsv'i,tsakwholuka,ukwholvhsti,Eventful,kwhol,[H_alt=none],go,cons_stem,a_present,False,False,False,1,1,1,1,1
1602,1668,he/she is losing his/her way,ulenahiha,akwalenahiha,ulenahiho'i,ulenalhv'i,tsalenaka,ulenahsti,Eventful,alena,[H_alt=none],hih-lh,a_stem,a_present,False,False,False,1,1,1,1,1
1604,1670,he/she is making a mistake,ulitahstiha,akilitahstiha,ulitahstihsko'i,ulitahsthanv'i,tsalitahsta,ulitahstohti,Eventful,litahst,[H_alt=none],cause,r_stem,a_present,False,False,False,1,1,1,1,1
1604,1670,he/she is making a mistake,ulitahstiha,akilitahstiha,ulitahstihsko'i,ulitahsthanv'i,tsalitahsta,ulitahstohti,Eventful,litast,[H_alt=none],cause,r_stem,a_present,False,False,False,1,1,1,1,1
1612,1678,he/she is whining,uliyetiha,akiliyetiha,uliyetihsko'i,uliyethanv'i,tsaliyeta,uliyetohti,Eventful,liyet,[H_alt=none],cause,r_stem,a_present,False,False,False,1,1,1,1,1
1613,1679,he/she is wearing a ring,uliyehsuhsthka,akwaliyehsuhsthka,uliyehsuhsthko'i,uliyehsuhsthkv'i,tsaliyehsuhsthkehsti,,StativeFutProg,aliyehsuhsth,[H_alt=none],stative-k,a_stem,a_present,False,False,False,1,1,1,1,1
1613,1679,he/she is wearing a ring,uliyehsuhsthka,akwaliyehsuhsthka,uliyehsuhsthko'i,uliyehsuhsthkv'i,tsaliyehsuhsthkehsti,,StativeFutProg,aliyehsuhsthk,[H_alt=none],stative,a_stem,a_present,False,False,False,1,1,1,1,1
1613,1679,he/she is wearing a ring,uliyehsuhsthka,akwaliyehsuhsthka,uliyehsuhsthko'i,uliyehsuhsthkv'i,tsaliyehsuhsthkehsti,,StativeFutProg,aliyehsusth,[H_alt=none],stative-k,a_stem,a_present,False,False,False,1,1,1,1,1
1613,1679,he/she is wearing a ring,uliyehsuhsthka,akwaliyehsuhsthka,uliyehsuhsthko'i,uliyehsuhsthkv'i,tsaliyehsuhsthkehsti,,StativeFutProg,aliyehsusthk,[H_alt=none],stative,a_stem,a_present,False,False,False,1,1,1,1,1
1613,1679,he/she is wearing a ring,uliyehsuhsthka,akwaliyehsuhsthka,uliyehsuhsthko'i,uliyehsuhsthkv'i,tsaliyehsuhsthkehsti,,StativeFutProg,aliyesuhsth,[H_alt=none],stative-k,a_stem,a_present,False,False,False,1,1,1,1,1
1613,1679,he/she is wearing a ring,uliyehsuhsthka,akwaliyehsuhsthka,uliyehsuhsthko'i,uliyehsuhsthkv'i,tsaliyehsuhsthkehsti,,StativeFutProg,aliyesuhsthk,[H_alt=none],stative,a_stem,a_present,False,False,False,1,1,1,1,1
1613,1679,he/she is wearing a ring,uliyehsuhsthka,akwaliyehsuhsthka,uliyehsuhsthko'i,uliyehsuhsthkv'i,tsaliyehsuhsthkehsti,,StativeFutProg,aliyesusth,[H_alt=none],stative-k,a_stem,a_present,False,False,False,1,1,1,1,1
1613,1679,he/she is wearing a ring,uliyehsuhsthka,akwaliyehsuhsthka,uliyehsuhsthko'i,uliyehsuhsthkv'i,tsaliyehsuhsthkehsti,,StativeFutProg,aliyesusthk,[H_alt=none],stative,a_stem,a_present,False,False,False,1,1,1,1,1
1614,1680,it’s cloudy,ulokila,,ulokilo'i,ulokilv'i,,,StativeFutProg,alokil,[H_alt=none],stative,a_stem,a_present,False,False,False,1,1,1,1,1
1614,1680,it’s cloudy,ulokila,,ulokilo'i,ulokilv'i,,,StativeFutProg,alokil,[H_alt=none],stative,a_stem,a_present,False,False,False,1,1,1,1,1
1614,1680,it’s cloudy,ulokila,,ulokilo'i,ulokilv'i,,,StativeFutProg,alokil,[H_alt=none],stative,a_stem,a_present,False,False,True,1,1,1,1,1
1614,1680,it’s cloudy,ulokila,,ulokilo'i,ulokilv'i,,,StativeFutProg,alokil,[H_alt=none],stative,a_stem,a_present,False,False,True,1,1,1,1,1
1614,1680,it’s cloudy,ulokila,,ulokilo'i,ulokilv'i,,,StativeFutProg,lokil,[H_alt=none],stative,r_stem,a_present,False,False,False,1,1,1,1,1
1614,1680,it’s cloudy,ulokila,,ulokilo'i,ulokilv'i,,,StativeFutProg,lokil,[H_alt=none],stative,r_stem,a_present,False,False,False,1,1,1,1,1
1614,1680,it’s cloudy,ulokila,,ulokilo'i,ulokilv'i,,,StativeFutProg,lokil,[H_alt=none],stative,r_stem,a_present,False,False,True,1,1,1,1,1
1614,1680,it’s cloudy,ulokila,,ulokilo'i,ulokilv'i,,,StativeFutProg,lokil,[H_alt=none],stative,r_stem,a_present,False,False,True,1,1,1,1,1
1616,1682,it’s happening to him,ulhstanheha,akwalhstanheha,ulhstanheho'i,ulhstanhelv'i,tsalhstahsi,ulhstanhehti,Eventful,alhstanh,[H_alt=none],apl,a_stem,a_present,False,False,False,1,1,1,2,1
1616,1682,it’s happening to him,ulhstanheha,akwalhstanheha,ulhstanheho'i,ulhstanhelv'i,tsalhstahsi,ulhstanhehti,Eventful,alstanh,[H_alt=none],apl,a_stem,a_present,False,False,False,1,1,1,2,1
1618,1684,he/she is wearing a cap,ulhstula,akwalhstula,ulhstulo'i,ulhstulv'i,tsalhstulehsti,,StativeFutProg,alhstul,[H_alt=none],stative,a_stem,a_present,False,False,False,1,1,1,1,1
1618,1684,he/she is wearing a cap,ulhstula,akwalhstula,ulhstulo'i,ulhstulv'i,tsalhstulehsti,,StativeFutProg,alstul,[H_alt=none],stative,a_stem,a_present,False,False,False,1,1,1,1,1
1621,1687,he/she is sticking his/her head out,ulhskwaluta,akwalhskwaluta,ulhskwaluto'i,ulhskwalutv'i,tsalhskwalutehsti,,StativeFutProg,alhskwalut,[H_alt=none],stative,a_stem,a_present,False,False,False,1,1,1,1,1
1621,1687,he/she is sticking his/her head out,ulhskwaluta,akwalhskwaluta,ulhskwaluto'i,ulhskwalutv'i,tsalhskwalutehsti,,StativeFutProg,alskwalut,[H_alt=none],stative,a_stem,a_present,False,False,False,1,1,1,1,1
1622,1688,he/she is wearing a hat,ulhskwethuhka,akwalhskwethuhka,ulhskwethuhko'i,ulhskwethuhkv'i,tsalhskwethuhkehsti,,StativeFutProg,alhskwethuh,[H_alt=none],stative-k,a_stem,a_present,False,False,False,1,1,1,1,1
1622,1688,he/she is wearing a hat,ulhskwethuhka,akwalhskwethuhka,ulhskwethuhko'i,ulhskwethuhkv'i,tsalhskwethuhkehsti,,StativeFutProg,alhskwethuhk,[H_alt=none],stative,a_stem,a_present,False,False,False,1,1,1,1,1
1622,1688,he/she is wearing a hat,ulhskwethuhka,akwalhskwethuhka,ulhskwethuhko'i,ulhskwethuhkv'i,tsalhskwethuhkehsti,,StativeFutProg,alskwethuh,[H_alt=none],stative-k,a_stem,a_present,False,False,False,1,1,1,1,1
1622,1688,he/she is wearing a hat,ulhskwethuhka,akwalhskwethuhka,ulhskwethuhko'i,ulhskwethuhkv'i,tsalhskwethuhkehsti,,StativeFutProg,alskwethuhk,[H_alt=none],stative,a_stem,a_present,False,False,False,1,1,1,1,1
1623,1689,it’s dark,ulhsihka,,ulhsihko'i,ulhsihkv'i,tsalhsihkehsti,,StativeFutProg,alhsih,[H_alt=none],stative-k,a_stem,a_present,False,False,False,1,1,1,1,1
1623,1689,it’s dark,ulhsihka,,ulhsihko'i,ulhsihkv'i,tsalhsihkehsti,,StativeFutProg,alhsih,[H_alt=none],stative-k,a_stem,a_present,False,False,True,1,1,1,1,1
1623,1689,it’s dark,ulhsihka,,ulhsihko'i,ulhsihkv'i,tsalhsihkehsti,,StativeFutProg,alhsihk,[H_alt=none],stative,a_stem,a_present,False,False,False,1,1,1,1,1
1623,1689,it’s dark,ulhsihka,,ulhsihko'i,ulhsihkv'i,tsalhsihkehsti,,StativeFutProg,alhsihk,[H_alt=none],stative,a_stem,a_present,False,False,True,1,1,1,1,1
1623,1689,it’s dark,ulhsihka,,ulhsihko'i,ulhsihkv'i,tsalhsihkehsti,,StativeFutProg,alsih,[H_alt=none],stative-k,a_stem,a_present,False,False,False,1,1,1,1,1
1623,1689,it’s dark,ulhsihka,,ulhsihko'i,ulhsihkv'i,tsalhsihkehsti,,StativeFutProg,alsih,[H_alt=none],stative-k,a_stem,a_present,False,False,True,1,1,1,1,1
1623,1689,it’s dark,ulhsihka,,ulhsihko'i,ulhsihkv'i,tsalhsihkehsti,,StativeFutProg,alsihk,[H_alt=none],stative,a_stem,a_present,False,False,False,1,1,1,1,1
1623,1689,it’s dark,ulhsihka,,ulhsihko'i,ulhsihkv'i,tsalhsihkehsti,,StativeFutProg,alsihk,[H_alt=none],stative,a_stem,a_present,False,False,True,1,1,1,1,1
1623,1689,it’s dark,ulhsihka,,ulhsihko'i,ulhsihkv'i,tsalhsihkehsti,,StativeFutProg,lhsih,[H_alt=none],stative-k,cons_stem,a_present,False,False,False,1,1,1,1,1
1623,1689,it’s dark,ulhsihka,,ulhsihko'i,ulhsihkv'i,tsalhsihkehsti,,StativeFutProg,lhsih,[H_alt=none],stative-k,cons_stem,a_present,False,False,True,1,1,1,1,1
1623,1689,it’s dark,ulhsihka,,ulhsihko'i,ulhsihkv'i,tsalhsihkehsti,,StativeFutProg,lhsih,[H_alt=none],stative-k,r_stem,a_present,False,False,False,1,1,1,1,1
1623,1689,it’s dark,ulhsihka,,ulhsihko'i,ulhsihkv'i,tsalhsihkehsti,,StativeFutProg,lhsih,[H_alt=none],stative-k,r_stem,a_present,False,False,True,1,1,1,1,1
1623,1689,it’s dark,ulhsihka,,ulhsihko'i,ulhsihkv'i,tsalhsihkehsti,,StativeFutProg,lhsihk,[H_alt=none],stative,cons_stem,a_present,False,False,False,1,1,1,1,1
1623,1689,it’s dark,ulhsihka,,ulhsihko'i,ulhsihkv'i,tsalhsihkehsti,,StativeFutProg,lhsihk,[H_alt=none],stative,cons_stem,a_present,False,False,True,1,1,1,1,1
1623,1689,it’s dark,ulhsihka,,ulhsihko'i,ulhsihkv'i,tsalhsihkehsti,,StativeFutProg,lhsihk,[H_alt=none],stative,r_stem,a_present,False,False,False,1,1,1,1,1
1623,1689,it’s dark,ulhsihka,,ulhsihko'i,ulhsihkv'i,tsalhsihkehsti,,StativeFutProg,lhsihk,[H_alt=none],stative,r_stem,a_present,False,False,True,1,1,1,1,1
1623,1689,it’s dark,ulhsihka,,ulhsihko'i,ulhsihkv'i,tsalhsihkehsti,,StativeFutProg,lsih,[H_alt=none],stative-k,r_stem,a_present,False,False,False,1,1,1,1,1
1623,1689,it’s dark,ulhsihka,,ulhsihko'i,ulhsihkv'i,tsalhsihkehsti,,StativeFutProg,lsih,[H_alt=none],stative-k,r_stem,a_present,False,False,True,1,1,1,1,1
1623,1689,it’s dark,ulhsihka,,ulhsihko'i,ulhsihkv'i,tsalhsihkehsti,,StativeFutProg,lsihk,[H_alt=none],stative,r_stem,a_present,False,False,False,1,1,1,1,1
1623,1689,it’s dark,ulhsihka,,ulhsihko'i,ulhsihkv'i,tsalhsihkehsti,,StativeFutProg,lsihk,[H_alt=none],stative,r_stem,a_present,False,False,True,1,1,1,1,1
1627,1693,he/she likes him/her,ulvkwhti,tsilvkwoti,ulvkwhto'i,ulvkwhtv'i,hilvkwota,ulvkwhtohti,StativeNoImp,lvkwht,[H_alt=vowel_o],stative,r_stem,i_present,False,False,True,1,1,1,1,1
1627,1693,he/she likes him/her,ulvkwhti,tsilvkwoti,ulvkwhto'i,ulvkwhtv'i,hilvkwota,ulvkwhtohti,StativeNoImp,lvkwht,[H_alt=vowel_o],stative,r_stem,i_present,False,False,True,1,1,1,1,1
1629,1695,he/she has an object (refers to a flexible object),una'a,akina'a,una'o'i,una'v'i,tsana'ehsti,,StativeFutProg,n,[H_alt=none],stative-a',r_stem,a_present,False,False,False,1,1,1,1,1
1629,1695,he/she has an object (refers to a flexible object),una'a,akina'a,una'o'i,una'v'i,tsana'ehsti,,StativeFutProg,na',[H_alt=none],stative,r_stem,a_present,False,False,False,1,1,1,1,1
1632,1698,they are together,unalikoha,okalikoha,unalikohso'i,unalikohsv'i,itsalikohsehsti,,StativeFutProg,aliko,[H_alt=none],stative-s,a_stem,a_present,False,True,False,1,1,1,1,1
1632,1698,they are together,unalikoha,okalikoha,unalikohso'i,unalikohsv'i,itsalikohsehsti,,StativeFutProg,aliko,[H_alt=none],stative-s,a_stem,a_present,False,True,False,1,1,1,1,1
1639,1705,he/she is being mean,unekutsa,akinekutsa,unekutso'i,unekutsv'i,tsanekutsehsti,,StativeFutProg,nekuths,[H_alt=none],stative,r_stem,a_present,False,False,False,1,1,1,1,1
1639,1705,he/she is being mean,unekutsa,akinekutsa,unekutso'i,unekutsv'i,tsanekutsehsti,,StativeFutProg,nekuts,[H_alt=none],stative,r_stem,a_present,False,False,False,1,1,1,1,1
1642,1708,he/she has a liquid,uneha,akineha,uneho'i,unehv'i,tsanehehsti,unehti,StativeFutProg,n,[H_alt=none],stative-eh,r_stem,a_present,False,False,False,1,1,1,1,1
1642,1708,he/she has a liquid,uneha,akineha,uneho'i,unehv'i,tsanehehsti,unehti,StativeFutProg,ne,[H_alt=none],stative-h,r_stem,a_present,False,False,False,1,1,1,1,1
1642,1708,he/she has a liquid,uneha,akineha,uneho'i,unehv'i,tsanehehsti,unehti,StativeFutProg,neh,[H_alt=none],stative,r_stem,a_present,False,False,False,1,1,1,1,1
1646,1712,he/she knows it,unhtha,akwanhtha,unhtho'i,unhthv'i,tsanhthehsti,,StativeFutProg,anht,[H_alt=none],stative-h,a_stem,a_present,False,False,False,1,1,1,1,1
1646,1712,he/she knows it,unhtha,akwanhtha,unhtho'i,unhthv'i,tsanhthehsti,,StativeFutProg,anhth,[H_alt=none],stative,a_stem,a_present,False,False,False,1,1,1,1,1
1677,1743,he/she is wearing pants,uhsula,akwahsula,uhsulo'i,uhsulv'i,tsahsulehsti,,StativeFutProg,ahsul,[H_alt=none],stative,a_stem,a_present,False,False,False,1,1,1,1,1
1677,1743,he/she is wearing pants,uhsula,akwahsula,uhsulo'i,uhsulv'i,tsahsulehsti,,StativeFutProg,asul,[H_alt=none],stative,a_stem,a_present,False,False,False,1,1,1,1,1
1693,1759,he/she is listening to him/her,uthvtahsti,tsiyathvtahsti,uthvtahsto'i,uthvtahstv'i,hiyathvtahstehsti,uthvtahstohti,StativeFutProg,athvtahst,[H_alt=none],stative,a_stem,i_present,False,False,True,1,1,1,1,1
1693,1759,he/she is listening to him/her,uthvtahsti,tsiyathvtahsti,uthvtahsto'i,uthvtahstv'i,hiyathvtahstehsti,uthvtahstohti,StativeFutProg,athvtahst,[H_alt=none],stative,a_stem,i_present,False,False,True,1,1,1,1,1
1693,1759,he/she is listening to him/her,uthvtahsti,tsiyathvtahsti,uthvtahsto'i,uthvtahstv'i,hiyathvtahstehsti,uthvtahstohti,StativeFutProg,athvtast,[H_alt=none],stative,a_stem,i_present,False,False,True,1,1,1,1,1
1693,1759,he/she is listening to him/her,uthvtahsti,tsiyathvtahsti,uthvtahsto'i,uthvtahstv'i,hiyathvtahstehsti,uthvtahstohti,StativeFutProg,athvtast,[H_alt=none],stative,a_stem,i_present,False,False,True,1,1,1,1,1
1699,1765,he/she is belching,uwakhuleka,akikhuleka,uwakhuleko'i,uwakhuletsv'i,tsakhuleki,uwakhule'ihsti,Eventful,khule,[H_alt=none],become,long_stem,a_present,False,False,False,1,1,1,1,2
1700,1766,he/she is shivering,uwanawi'a,akinawi'a,uwanawihsko'i,uwanawv'i,tsanawa,uwanawihsti,Eventful,naw,[H_alt=none],i-a-i,long_stem,a_present,False,False,False,1,1,1,1,1
1704,1770,he/she is in a hurry,uwanvka,akwvnvka,uwanvko'i,uwanvkv'i,tsvnvki,uwanvhsti,StativeNoImp,vnv,[H_alt=none],stative-k,v_stem,a_present,False,False,False,1,1,1,1,1
1704,1770,he/she is in a hurry,uwanvka,akwvnvka,uwanvko'i,uwanvkv'i,tsvnvki,uwanvhsti,StativeNoImp,vnvk,[H_alt=none],stative,v_stem,a_present,False,False,False,1,1,1,1,1
1708,1774,he/she smells it,uwawhsvka,akiwhsvka,uwawhsvko'i,uwawhsvtsv'i,tsawhsvki,uwawhsvhsti,Eventful,whsv,[H_alt=none],become,long_stem,a_present,False,False,False,1,1,1,1,1
1708,1774,he/she smells it,uwawhsvka,akiwhsvka,uwawhsvko'i,uwawhsvtsv'i,tsawhsvki,uwawhsvhsti,Eventful,wsv,[H_alt=none],become,long_stem,a_present,False,False,False,1,1,1,1,1
1709,1775,he/she has an object (refers to a long object),uwaya,akwvya,uwayo'i,uwayv'i,tsvyehsti,,StativeFutProg,vy,[H_alt=none],stative,v_stem,a_present,False,False,False,1,1,1,1,1
1710,1776,he/she is aching,uwehihstaneha,akwehihstaneha,uwehihstaneho'i,uwehihstanelv'i,tsehihstahsi,uwehihstanehti,Eventful,ehihstan,[H_alt=none],apl,e_stem,a_present,False,False,False,1,1,1,1,1
1710,1776,he/she is aching,uwehihstaneha,akwehihstaneha,uwehihstaneho'i,uwehihstanelv'i,tsehihstahsi,uwehihstanehti,Eventful,ehihstan,[H_alt=none],apl,vowel_stem,a_present,False,False,False,1,1,1,1,1
1710,1776,he/she is aching,uwehihstaneha,akwehihstaneha,uwehihstaneho'i,uwehihstanelv'i,tsehihstahsi,uwehihstanehti,Eventful,ehistan,[H_alt=none],apl,e_stem,a_present,False,False,False,1,1,1,1,1
1710,1776,he/she is aching,uwehihstaneha,akwehihstaneha,uwehihstaneho'i,uwehihstanelv'i,tsehihstahsi,uwehihstanehti,Eventful,ehistan,[H_alt=none],apl,vowel_stem,a_present,False,False,False,1,1,1,1,1
1729,1795,he/she is confident,uwohiyuha,akwohiyuha,uwohiyuhso'i,uwohiyuhsv'i,tsohiyuhsehsti,,StativeFutProg,ohiyu,[H_alt=none],stative-s,vowel_stem,a_present,False,False,False,1,1,1,1,1
1730,1796,he/she is sitting,uwolha,akwolha,uwolho'i,uwolhv'i,tsolhehsti,,StativeFutProg,ol,[H_alt=none],stative-h,vowel_stem,a_present,False,False,False,1,1,1,1,1
1730,1796,he/she is sitting,uwolha,akwolha,uwolho'i,uwolhv'i,tsolhehsti,,StativeFutProg,olh,[H_alt=none],stative,vowel_stem,a_present,False,False,False,1,1,1,1,1
1741,1807,he/she is losing it,uyohuhseha,akiyohuhseha,uyohuhseho'i,uyohuhselv'i,tsayohuhsi,uyohuhsehti,Eventful,yohuhs,[H_alt=none],apl,cons_stem,a_present,False,False,False,1,1,1,2,1
1741,1807,he/she is losing it,uyohuhseha,akiyohuhseha,uyohuhseho'i,uyohuhselv'i,tsayohuhsi,uyohuhsehti,Eventful,yohuhs,[H_alt=none],apl,r_stem,a_present,False,False,False,1,1,1,2,1
1741,1807,he/she is losing it,uyohuhseha,akiyohuhseha,uyohuhseho'i,uyohuhselv'i,tsayohuhsi,uyohuhsehti,Eventful,yohus,[H_alt=none],apl,cons_stem,a_present,False,False,False,1,1,1,1,1
1741,1807,he/she is losing it,uyohuhseha,akiyohuhseha,uyohuhseho'i,uyohuhselv'i,tsayohuhsi,uyohuhsehti,Eventful,yohus,[H_alt=none],apl,r_stem,a_present,False,False,False,1,1,1,1,1
1754,1823,he/she is sending on object (refers to a long object),wati'a,witsiti'a,watihsko'i,wutv'i,whita,wutihsti,Eventful,t,[H_alt=none],i-a-i,cons_stem,a_present,True,False,False,1,1,1,1,1
1754,1823,he/she is sending on object (refers to a long object),wati'a,witsiti'a,watihsko'i,wutv'i,whita,wutihsti,Eventful,t,[H_alt=none],i-a-i,cons_stem,a_present,True,False,True,1,1,1,1,1
1765,1834,he/she is heading in the direction of,wakhthi,witsikathi,wakhtho'i,wakhthv'i,whikhthehsti,,StativeFutProg,kht,[H_alt=vowel_a],stative-h,cons_stem,i_present,True,False,False,1,1,1,1,1
1765,1834,he/she is heading in the direction of,wakhthi,witsikathi,wakhtho'i,wakhthv'i,whikhthehsti,,StativeFutProg,kht,[H_alt=vowel_a],stative-h,cons_stem,i_present,True,False,True,1,1,1,1,1
1765,1834,he/she is heading in the direction of,wakhthi,witsikathi,wakhtho'i,wakhthv'i,whikhthehsti,,StativeFutProg,khth,[H_alt=vowel_a],stative,cons_stem,i_present,True,False,False,1,1,1,1,1
1765,1834,he/she is heading in the direction of,wakhthi,witsikathi,wakhtho'i,wakhthv'i,whikhthehsti,,StativeFutProg,khth,[H_alt=vowel_a],stative,cons_stem,i_present,True,False,True,1,1,1,1,1
1774,1845,he/she is sending it,wikakhahvhska,witsiyakhahvhska,wikakhahvhsko'i,wuwakhanv'i,whiyakhahvka,wuwakhohti,Eventful,kha,[H_alt=none],hvsk-n,long_stem,a_present,True,False,True,1,1,1,1,1
1775,1846,he/she is sending it (refers to something liquid),wikanehvhska,witsine'vhska,wikanehvhsko'i,wunenhv'i,whinehvka,wunehti,Eventful,ne,[H_alt=glot],hvsk-nh,r_stem,a_present,True,False,False,1,1,1,1,1
1775,1846,he/she is sending it (refers to something liquid),wikanehvhska,witsine'vhska,wikanehvhsko'i,wunenhv'i,whinehvka,wunehti,Eventful,ne,[H_alt=glot],hvsk-nh,r_stem,a_present,True,False,True,1,1,1,1,1
1776,1847,he/she is sending it (refers to a flexible object),wikanv'vhska,witsinv'vhska,wikanv'vhsko'i,wunvnv'i,whinv'vka,wunvti,Eventful,n,[H_alt=none],vsk-long,r_stem,a_present,True,False,False,1,1,1,2,1
1776,1847,he/she is sending it (refers to a flexible object),wikanv'vhska,witsinv'vhska,wikanv'vhsko'i,wunvnv'i,whinv'vka,wunvti,Eventful,n,[H_alt=none],vsk-long,r_stem,a_present,True,False,True,1,1,1,2,1
1776,1847,he/she is sending it (refers to a flexible object),wikanv'vhska,witsinv'vhska,wikanv'vhsko'i,wunvnv'i,whinv'vka,wunvti,Eventful,nv,[H_alt=none],vsk-post-v,r_stem,a_present,True,False,False,1,1,1,1,1
1776,1847,he/she is sending it (refers to a flexible object),wikanv'vhska,witsinv'vhska,wikanv'vhsko'i,wunvnv'i,whinv'vka,wunvti,Eventful,nv,[H_alt=none],vsk-post-v,r_stem,a_present,True,False,True,1,1,1,1,1
1778,1849,he/she is going out of sight,wutelika,wakwatelika,wuteliko'i,wutelitsv'i,witsateliki,wutelihsti,Eventful,ateli,[H_alt=none],become,a_stem,a_present,False,False,False,1,1,1,1,1
